Team,Salary,Player,Position,Season,Percentile
Minnesota Timberwolves,25200000,Kevin Garnett, PF,2002-2003,0.996197719
Portland Trail Blazers,13500000,Damon Stoudamire, PG,2002-2003,0.992395437
Seattle SuperSonics,13080000,Gary Payton, PG,2002-2003,0.988593156
Seattle SuperSonics,12375000,Ray Allen, SG,2002-2003,0.984790875
New York Knicks,12375000,Latrell Sprewell, SG,2002-2003,0.980988593
Boston Celtics,12375000,Antoine Walker, PF,2002-2003,0.977186312
Phoenix Suns,12375000,Stephon Marbury, PG,2002-2003,0.97338403
San Antonio Spurs,12072000,Tim Duncan, C,2002-2003,0.969581749
Orlando Magic,12072000,Tracy McGrady, SG,2002-2003,0.965779468
Orlando Magic,12072000,Grant Hill, SF,2002-2003,0.961977186
Indiana Pacers,12046000,Reggie Miller, SG,2002-2003,0.958174905
Los Angeles Lakers,23571000,Shaquille O'Neal, C,2002-2003,0.954372624
Toronto Raptors,1.20E+07,Antonio Davis, PF,2002-2003,0.950570342
Dallas Mavericks,11953000,Michael Finley, SG,2002-2003,0.946768061
Sacramento Kings,11248000,Vlade Divac, C,2002-2003,0.942965779
Miami Heat,11200000,Eddie Jones, SG,2002-2003,0.939163498
Miami Heat,11121000,Brian Grant, PF,2002-2003,0.935361217
New York Knicks,1.10E+07,Allan Houston, SG,2002-2003,0.931558935
Phoenix Suns,10890000,Tom Gugliotta, PF,2002-2003,0.927756654
Milwaukee Bucks,10750000,Tim Thomas, PF,2002-2003,0.923954373
Toronto Raptors,10625000,Vince Carter, SF,2002-2003,0.920152091
San Antonio Spurs,10500000,David Robinson, C,2002-2003,0.91634981
Orlando Magic,21500000,Shawn Kemp, C,2002-2003,0.912547529
Dallas Mavericks,10003000,Nick Van Exel, PG,2002-2003,0.908745247
San Antonio Spurs,9900000,Steve Smith, SG,2002-2003,0.904942966
Atlanta Hawks,9860000,Glenn Robinson, SF,2002-2003,0.901140684
Philadelphia 76ers,9830000,Derrick Coleman, PF,2002-2003,0.897338403
Atlanta Hawks,9375000,Theo Ratliff, C,2002-2003,0.893536122
New Jersey Nets,9260000,Jason Kidd, PG,2002-2003,0.88973384
Houston Rockets,9200000,Glen Rice, SF,2002-2003,0.885931559
Seattle SuperSonics,9185000,Kenny Anderson, PG,2002-2003,0.882129278
Utah Jazz,9.00E+06,John Stockton, G,2002-2003,0.878326996
New Jersey Nets,8717000,Kerry Kittles, SG,2002-2003,0.874524715
Denver Nuggets,20625000,Juwan Howard, PF,2002-2003,0.870722433
Detroit Pistons,8421000,Clifford Robinson, PF,2002-2003,0.866920152
Portland Trail Blazers,19727000,Scottie Pippen, SF,2002-2003,0.863117871
Utah Jazz,19250000,Karl Malone, PF,2002-2003,0.859315589
Portland Trail Blazers,16200000,Rasheed Wallace, PF,2002-2003,0.855513308
New Jersey Nets,16105000,Dikembe Mutombo, C,2002-2003,0.851711027
Sacramento Kings,14343000,Chris Webber, C,2002-2003,0.847908745
Milwaukee Bucks,8050000,Toni Kukoc, SF,2002-2003,0.844106464
Portland Trail Blazers,8.00E+06,Dale Davis, PF,2002-2003,0.840304183
Seattle SuperSonics,7975000,Elden Campbell, C,2002-2003,0.836501901
Utah Jazz,7799000,Greg Ostertag, C,2002-2003,0.83269962
New Orleans Hornets,7750000,Jamal Mashburn, SF,2002-2003,0.828897338
Houston Rockets,7150000,Maurice Taylor, PF,2002-2003,0.825095057
Portland Trail Blazers,7145000,Derek Anderson, SG,2002-2003,0.821292776
Chicago Bulls,7140000,Donyell Marshall, PF,2002-2003,0.817490494
Atlanta Hawks,7091000,Alan Henderson, PF,2002-2003,0.813688213
New Orleans Hornets,7044000,P.J. Brown, PF,2002-2003,0.809885932
Memphis Grizzlies,7.00E+06,Wesley Person, SF,2002-2003,0.80608365
Indiana Pacers,6960000,Austin Croshere, PF,2002-2003,0.802281369
Indiana Pacers,6950000,Jermaine O'Neal, C,2002-2003,0.798479087
Golden State Warriors,6858000,Erick Dampier, C,2002-2003,0.794676806
Denver Nuggets,6750000,Marcus Camby, C,2002-2003,0.790874525
Houston Rockets,6696000,Kelvin Cato, C,2002-2003,0.787072243
Indiana Pacers,6618000,Ron Mercer, SG,2002-2003,0.783269962
Philadelphia 76ers,6600000,Tyrone Hill, PF,2002-2003,0.779467681
Phoenix Suns,6555000,Bo Outlaw, PF,2002-2003,0.775665399
New York Knicks,6100000,Shandon Anderson, SF,2002-2003,0.771863118
LA Clippers,6061000,Michael Olowokandi, C,2002-2003,0.768060837
Memphis Grizzlies,6050000,Lorenzen Wright, PF,2002-2003,0.764258555
Washington Wizards,6.00E+06,Jerry Stackhouse, SF,2002-2003,0.760456274
Golden State Warriors,6.00E+06,Chris Mills, SF,2002-2003,0.756653992
Dallas Mavericks,5750000,Steve Nash, PG,2002-2003,0.752851711
New York Knicks,5750000,Charlie Ward, PG,2002-2003,0.74904943
Chicago Bulls,5726000,Eddie Robinson, SF,2002-2003,0.745247148
Sacramento Kings,5625000,Doug Christie, SG,2002-2003,0.741444867
Sacramento Kings,5625000,Peja Stojakovic, SF,2002-2003,0.737642586
Golden State Warriors,5540000,Bob Sura, PG,2002-2003,0.733840304
Sacramento Kings,5448000,Mike Bibby, PG,2002-2003,0.730038023
Toronto Raptors,5350000,Alvin Williams, PG,2002-2003,0.726235741
New York Knicks,5312000,Howard Eisley, PG,2002-2003,0.72243346
Los Angeles Lakers,5300000,Robert Horry, PF,2002-2003,0.718631179
Toronto Raptors,5250000,Jerome Williams, PF,2002-2003,0.714828897
Milwaukee Bucks,5250000,Jason Caffey, F,2002-2003,0.711026616
Seattle SuperSonics,5238000,Vitaly Potapenko, C,2002-2003,0.707224335
Atlanta Hawks,5130000,Nazr Mohammed, C,2002-2003,0.703422053
Memphis Grizzlies,5062000,Brevin Knight, PG,2002-2003,0.699619772
Seattle SuperSonics,5040000,Brent Barry, SG,2002-2003,0.69581749
Dallas Mavericks,4675000,Shawn Bradley, C,2002-2003,0.692015209
Orlando Magic,4506000,Darrell Armstrong, PG,2002-2003,0.688212928
Detroit Pistons,4500000,Corliss Williamson, PF,2002-2003,0.684410646
Philadelphia 76ers,4500000,Aaron McKie, SG,2002-2003,0.680608365
Milwaukee Bucks,4500000,Sam Cassell, PG,2002-2003,0.676806084
Golden State Warriors,4469000,Antawn Jamison, PF,2002-2003,0.673003802
Golden State Warriors,4400000,Adonal Foyle, C,2002-2003,0.669201521
Houston Rockets,4383000,Steve Francis, PG,2002-2003,0.66539924
Utah Jazz,4220000,Mark Jackson, PG,2002-2003,0.661596958
Los Angeles Lakers,4170000,Rick Fox, SF,2002-2003,0.657794677
Cleveland Cavaliers,4160000,Michael Stewart, PF,2002-2003,0.653992395
Philadelphia 76ers,4125000,Eric Snow, PG,2002-2003,0.650190114
New Jersey Nets,4067000,Kenyon Martin, PF,2002-2003,0.646387833
Milwaukee Bucks,4030000,Ervin Johnson, C,2002-2003,0.642585551
Boston Celtics,4.00E+06,Tony Battie, C,2002-2003,0.63878327
New York Knicks,4.00E+06,Travis Knight, C,2002-2003,0.634980989
Washington Wizards,3974000,Kwame Brown, C,2002-2003,0.631178707
New Orleans Hornets,3942000,Baron Davis, PG,2002-2003,0.627376426
Detroit Pistons,3850000,Zeljko Rebraca, C,2002-2003,0.623574144
Indiana Pacers,3780000,Tim Hardaway, G,2002-2003,0.619771863
Los Angeles Lakers,3740000,Tracy Murray, SF,2002-2003,0.615969582
Boston Celtics,5004000,Eric Williams, PF,2002-2003,0.6121673
Detroit Pistons,5.00E+06,Ben Wallace, PF,2002-2003,0.608365019
Seattle SuperSonics,4992000,Calvin Booth, C,2002-2003,0.604562738
Milwaukee Bucks,4992000,Anthony Mason, F,2002-2003,0.600760456
Portland Trail Blazers,4992000,Ruben Patterson, PF,2002-2003,0.596958175
Minnesota Timberwolves,4991000,Joe Smith, PF,2002-2003,0.593155894
Philadelphia 76ers,4991000,Todd MacCulloch, C,2002-2003,0.589353612
New York Knicks,4991000,Clarence Weatherspoon, PF,2002-2003,0.585551331
Dallas Mavericks,4991000,Avery Johnson, PG,2002-2003,0.581749049
Washington Wizards,4973000,Christian Laettner, PF,2002-2003,0.577946768
Golden State Warriors,4935000,Danny Fortson, C,2002-2003,0.574144487
Dallas Mavericks,4926000,Raef LaFrentz, C,2002-2003,0.570342205
New York Knicks,4904000,Kurt Thomas, PF,2002-2003,0.566539924
Houston Rockets,4903000,Cuttino Mobley, SG,2002-2003,0.562737643
Washington Wizards,4903000,Jahidi White, C,2002-2003,0.558935361
Seattle SuperSonics,4903000,Rashard Lewis, PF,2002-2003,0.55513308
LA Clippers,4895000,Elton Brand, PF,2002-2003,0.551330798
Sacramento Kings,4827000,Scot Pollard, C,2002-2003,0.547528517
Indiana Pacers,4800000,Brad Miller, C,2002-2003,0.543726236
New Orleans Hornets,3726000,Robert Traylor, PF,2002-2003,0.539923954
Memphis Grizzlies,3656000,Stromile Swift, PF,2002-2003,0.536121673
Miami Heat,3656000,Anthony Carter, PG,2002-2003,0.532319392
New Orleans Hornets,3600000,David Wesley, SG,2002-2003,0.52851711
Detroit Pistons,3600000,Chucky Atkins, PG,2002-2003,0.524714829
Houston Rockets,3600000,Moochie Norris, PG,2002-2003,0.520912548
Minnesota Timberwolves,3575000,Marc Jackson, PF,2002-2003,0.517110266
LA Clippers,3557000,Lamar Odom, PF,2002-2003,0.513307985
Memphis Grizzlies,3425000,Jason Williams, PG,2002-2003,0.509505703
Portland Trail Blazers,3375000,Antonio Daniels, PG,2002-2003,0.505703422
Miami Heat,3300000,LaPhonso Ellis, F,2002-2003,0.501901141
Sacramento Kings,3300000,Lawrence Funderburke, PF,2002-2003,0.498098859
Cleveland Cavaliers,3267000,Darius Miles, SF,2002-2003,0.494296578
Orlando Magic,3263000,Andrew DeClercq, C,2002-2003,0.490494297
Indiana Pacers,3226000,Jonathan Bender, SF,2002-2003,0.486692015
Minnesota Timberwolves,3220000,Anthony Peeler, SG,2002-2003,0.482889734
Memphis Grizzlies,3194000,Pau Gasol, C,2002-2003,0.479087452
Detroit Pistons,3175000,Jon Barry, SG,2002-2003,0.475285171
Washington Wizards,3159000,Larry Hughes, SG,2002-2003,0.47148289
Dallas Mavericks,3104000,Evan Eschmeyer, C,2002-2003,0.467680608
Los Angeles Lakers,3.00E+06,Derek Fisher, PG,2002-2003,0.463878327
Toronto Raptors,3.00E+06,Lindsey Hunter, SG,2002-2003,0.460076046
Orlando Magic,2962000,Chris Whitney, PG,2002-2003,0.456273764
Chicago Bulls,2946000,Marcus Fizer, F,2002-2003,0.452471483
Minnesota Timberwolves,2933000,Wally Szczerbiak, SG,2002-2003,0.448669202
Dallas Mavericks,2923000,Dirk Nowitzki, PF,2002-2003,0.44486692
Boston Celtics,2813000,Mikki Moore, C,2002-2003,0.441064639
Boston Celtics,2793000,Paul Pierce, SF,2002-2003,0.437262357
Portland Trail Blazers,2777000,Bonzi Wells, SG,2002-2003,0.433460076
Atlanta Hawks,2775000,Matt Maloney, G,2002-2003,0.429657795
New York Knicks,2753000,Michael Doleac, C,2002-2003,0.425855513
Atlanta Hawks,2750000,Chris Crawford, SF,2002-2003,0.422053232
Sacramento Kings,2726000,Keon Clark, PF,2002-2003,0.418250951
Cleveland Cavaliers,2700000,Bimbo Coles, PG,2002-2003,0.414448669
Phoenix Suns,2700000,Randy Brown, G,2002-2003,0.410646388
New York Knicks,2700000,Othella Harrington, PF,2002-2003,0.406844106
Sacramento Kings,2700000,Bobby Jackson, PG,2002-2003,0.403041825
Memphis Grizzlies,2699000,Michael Dickerson, G,2002-2003,0.399239544
Detroit Pistons,2681000,Richard Hamilton, SG,2002-2003,0.395437262
Memphis Grizzlies,2668000,Mike Miller, SG,2002-2003,0.391634981
Utah Jazz,2667000,Matt Harpring, SF,2002-2003,0.3878327
Orlando Magic,2662000,Horace Grant, C,2002-2003,0.384030418
LA Clippers,2640000,Sean Rooks, C,2002-2003,0.380228137
New Jersey Nets,2640000,Lucious Harris, SG,2002-2003,0.376425856
Detroit Pistons,2631000,Hubert Davis, SG,2002-2003,0.372623574
San Antonio Spurs,2625000,Steve Kerr, G,2002-2003,0.368821293
Detroit Pistons,2600000,Michael Curry, SF,2002-2003,0.365019011
New Orleans Hornets,2600000,George Lynch, SF,2002-2003,0.36121673
LA Clippers,2460000,Andre Miller, PG,2002-2003,0.357414449
Minnesota Timberwolves,2436000,Rasho Nesterovic, C,2002-2003,0.353612167
New Orleans Hornets,2400000,Stacey Augmon, SF,2002-2003,0.349809886
Utah Jazz,2393000,John Amaechi, PF,2002-2003,0.346007605
Memphis Grizzlies,2368000,Shane Battier, SF,2002-2003,0.342205323
Phoenix Suns,2265000,Shawn Marion, SG,2002-2003,0.338403042
Orlando Magic,2238000,Pat Garrity, PF,2002-2003,0.33460076
Cleveland Cavaliers,2222000,Chris Mihm, C,2002-2003,0.330798479
Houston Rockets,2162000,Eddie Griffin, PF,2002-2003,0.326996198
Cleveland Cavaliers,2156000,Ricky Davis, SG,2002-2003,0.323193916
Atlanta Hawks,2153000,Jason Terry, G,2002-2003,0.319391635
Philadelphia 76ers,2148000,Brian Skinner, PF,2002-2003,0.315589354
Indiana Pacers,2110000,Al Harrington, PF,2002-2003,0.311787072
LA Clippers,2069000,Corey Maggette, SF,2002-2003,0.307984791
Chicago Bulls,2026000,Jamal Crawford, SG,2002-2003,0.30418251
Denver Nuggets,1987000,Shammond Williams, PG,2002-2003,0.300380228
Cleveland Cavaliers,1980000,DeSagana Diop, C,2002-2003,0.296577947
Indiana Pacers,1904000,Metta World Peace, SF,2002-2003,0.292775665
Washington Wizards,1885000,Tyronn Lue, PG,2002-2003,0.288973384
Milwaukee Bucks,1862000,Joel Przybilla, C,2002-2003,0.285171103
Denver Nuggets,1821000,Rodney White, SF,2002-2003,0.281368821
LA Clippers,1769000,Keyon Dooling, PG,2002-2003,0.27756654
Phoenix Suns,1729000,Joe Johnson, G,2002-2003,0.273764259
Houston Rockets,1723000,James Posey, SF,2002-2003,0.269961977
New Orleans Hornets,1681000,Jerome Moiso, C,2002-2003,0.266159696
Detroit Pistons,1650000,Danny Manning, F,2002-2003,0.262357414
Boston Celtics,1643000,Kedrick Brown, SG,2002-2003,0.258555133
Utah Jazz,1636000,Tony Massenburg, PF,2002-2003,0.254752852
Washington Wizards,1605000,Etan Thomas, C,2002-2003,0.25095057
Atlanta Hawks,1584000,Dion Glover, SG,2002-2003,0.247148289
Indiana Pacers,1571000,Jeff Foster, PF,2002-2003,0.243346008
Seattle SuperSonics,1561000,Vladimir Radmanovic, SF,2002-2003,0.239543726
Philadelphia 76ers,1557000,Kenny Thomas, PF,2002-2003,0.235741445
Los Angeles Lakers,1542000,Devean George, SF,2002-2003,0.231939163
Los Angeles Lakers,1540000,Samaki Walker, PF,2002-2003,0.228136882
New Orleans Hornets,1524000,Courtney Alexander, SG,2002-2003,0.224334601
New Jersey Nets,1482000,Richard Jefferson, F,2002-2003,0.220532319
Sacramento Kings,1441000,Mateen Cleaves, PG,2002-2003,0.216730038
Cleveland Cavaliers,1419000,Jumaine Jones, SF,2002-2003,0.212927757
Utah Jazz,1410000,Scott Padgett, PF,2002-2003,0.209125475
Golden State Warriors,1409000,Troy Murphy, PF,2002-2003,0.205323194
Los Angeles Lakers,1400000,Brian Shaw, G,2002-2003,0.201520913
Chicago Bulls,1400000,Corie Blount, PF,2002-2003,0.197718631
Philadelphia 76ers,1400000,Monty Williams, SF,2002-2003,0.19391635
Houston Rockets,1376000,Jason Collier, C,2002-2003,0.190114068
Sacramento Kings,1300000,Hedo Turkoglu, SF,2002-2003,0.186311787
New Orleans Hornets,1300000,Bryce Drew, PG,2002-2003,0.182509506
New Orleans Hornets,1271000,Kirk Haston, F,2002-2003,0.178707224
Seattle SuperSonics,1235000,Desmond Mason, SF,2002-2003,0.174904943
Toronto Raptors,1208000,Michael Bradley, PF,2002-2003,0.171102662
LA Clippers,1174000,Quentin Richardson, SF,2002-2003,0.16730038
New Jersey Nets,1147000,Jason Collins, C,2002-2003,0.163498099
New Orleans Hornets,1126000,Jamaal Magloire, C,2002-2003,0.159695817
Detroit Pistons,1100000,Don Reid, F,2002-2003,0.155893536
San Antonio Spurs,1100000,Danny Ferry, F,2002-2003,0.152091255
Philadelphia 76ers,1100000,Mark Bryant, F,2002-2003,0.148288973
Portland Trail Blazers,1096000,Zach Randolph, PF,2002-2003,0.144486692
San Antonio Spurs,1081000,Speedy Claxton, PG,2002-2003,0.140684411
Toronto Raptors,1033000,Morris Peterson, SG,2002-2003,0.136882129
Washington Wizards,1030000,Michael Jordan, G,2002-2003,0.133079848
Seattle SuperSonics,1009000,Joseph Forte, G,2002-2003,0.129277567
San Antonio Spurs,1.00E+06,Kevin Willis, C,2002-2003,0.125475285
Denver Nuggets,992000,Donnell Harvey, PF,2002-2003,0.121673004
Orlando Magic,969000,Jeryl Sasser, G,2002-2003,0.117870722
Utah Jazz,956000,DeShawn Stevenson, SG,2002-2003,0.114068441
New Jersey Nets,930000,Brandon Armstrong, SG,2002-2003,0.11026616
Chicago Bulls,914000,Dalibor Bagaric, C,2002-2003,0.106463878
Utah Jazz,893000,Andrei Kirilenko, SF,2002-2003,0.102661597
Phoenix Suns,877000,Jake Tsakalidis, C,2002-2003,0.098859316
Toronto Raptors,852000,Mamadou N'diaye, C,2002-2003,0.095057034
San Antonio Spurs,824000,Bruce Bowen, SF,2002-2003,0.091254753
LA Clippers,824000,Cherokee Parks, PF,2002-2003,0.087452471
Atlanta Hawks,824000,Emanual Davis, G,2002-2003,0.08365019
Los Angeles Lakers,817000,Mark Madsen, PF,2002-2003,0.079847909
Indiana Pacers,805000,Jamaal Tinsley, PG,2002-2003,0.076045627
Indiana Pacers,805000,Primoz Brezec, C,2002-2003,0.072243346
San Antonio Spurs,8.00E+05,Tony Parker, PG,2002-2003,0.068441065
Cleveland Cavaliers,749000,Milt Palacio, PG,2002-2003,0.064638783
Sacramento Kings,714000,Gerald Wallace, SF,2002-2003,0.060836502
Orlando Magic,7.00E+05,Jacque Vaughn, PG,2002-2003,0.057034221
Golden State Warriors,7.00E+05,Earl Boykins, PG,2002-2003,0.053231939
Miami Heat,637000,Vladimir Stepania, C,2002-2003,0.049429658
Denver Nuggets,637000,Mark Blount, C,2002-2003,0.045627376
Atlanta Hawks,612000,Amal McCaskill, C,2002-2003,0.041825095
Portland Trail Blazers,612000,Charles Smith, SG,2002-2003,0.038022814
Phoenix Suns,587000,Jake Voskuhl, C,2002-2003,0.034220532
San Antonio Spurs,587000,Stephen Jackson, SF,2002-2003,0.030418251
Denver Nuggets,587000,Ryan Bowen, SF,2002-2003,0.02661597
Orlando Magic,587000,Olumide Oyedeji, C,2002-2003,0.022813688
Seattle SuperSonics,526000,Predrag Drobnjak, C,2002-2003,0.019011407
Chicago Bulls,512000,Trenton Hassell, SF,2002-2003,0.015209125
Toronto Raptors,512000,Damone Brown, PF,2002-2003,0.011406844
Golden State Warriors,512000,Gilbert Arenas, PG,2002-2003,0.007604563
Denver Nuggets,512000,Jeff Trepagnier, SG,2002-2003,0.003802281
New Jersey Nets,512000,Brian Scalabrine, PF,2002-2003,0
Dallas Mavericks,13281000,Michael Finley, SG,2003-2004,0.976878613
Orlando Magic,13279000,Tracy McGrady, SG,2003-2004,0.959537572
Washington Wizards,3259000,Chris Whitney, PG,2003-2004,0.49132948
Miami Heat,2925000,Bimbo Coles, PG,2003-2004,0.456647399
New York Knicks,2925000,Othella Harrington, PF,2003-2004,0.445086705
Los Angeles Lakers,4549000,Rick Fox, SF,2003-2004,0.398843931
Milwaukee Bucks,2373000,Joel Przybilla, C,2003-2004,0.248554913
Utah Jazz,956000,Andrei Kirilenko, SF,2003-2004,0.040462428
Miami Heat,20000000,Shaquille O'Neal, C,2005-2006,0.9975
LA Clippers,15750000,Vin Baker, PF,2005-2006,0.995
LA Clippers,13152000,Elton Brand, PF,2005-2006,0.96
Los Angeles Lakers,11448596,Lamar Odom, PF,2005-2006,0.9475
New Jersey Nets,10200000,Richard Jefferson, F,2005-2006,0.9175
Indiana Pacers,16440000,Jermaine O'Neal, C,2005-2006,0.905
New York Knicks,9100000,Maurice Taylor, PF,2005-2006,0.89
Sacramento Kings,8750000,Brad Miller, C,2005-2006,0.885
Milwaukee Bucks,8333334,Jamaal Magloire, C,2005-2006,0.87
Chicago Bulls,8299670,Tyson Chandler, C,2005-2006,0.8675
Denver Nuggets,8100000,Andre Miller, PG,2005-2006,0.8575
Detroit Pistons,7500000,Ben Wallace, PF,2005-2006,0.83
San Antonio Spurs,7428937,Manu Ginobili, G,2005-2006,0.8275
LA Clippers,7000000,Corey Maggette, SF,2005-2006,0.805
Indiana Pacers,5610000,Stephen Jackson, SF,2005-2006,0.7975
Golden State Warriors,5393300,Derek Fisher, PG,2005-2006,0.7775
Washington Wizards,5393300,Etan Thomas, C,2005-2006,0.7725
Minnesota Timberwolves,5280528,Marko Jaric, PG,2005-2006,0.77
Charlotte Bobcats,5000000,Gerald Wallace, SF,2005-2006,0.75
Minnesota Timberwolves,5909800,Ricky Davis, SG,2005-2006,0.7075
Minnesota Timberwolves,5900400,Michael Olowokandi, C,2005-2006,0.7
Sacramento Kings,5000000,Shareef Abdur-Rahim, PF,2005-2006,0.6975
Sacramento Kings,4950000,Brian Skinner, PF,2005-2006,0.6925
Cleveland Cavaliers,4799108,Donyell Marshall, PF,2005-2006,0.685
San Antonio Spurs,4691390,Brent Barry, SG,2005-2006,0.68
New Jersey Nets,4550000,Marc Jackson, PF,2005-2006,0.67
Golden State Warriors,4506261,Mike Dunleavy, SG,2005-2006,0.6675
Memphis Grizzlies,4500000,Chucky Atkins, PG,2005-2006,0.6625
Minnesota Timberwolves,4350000,Trenton Hassell, SF,2005-2006,0.655
Milwaukee Bucks,4340520,Andrew Bogut, C,2005-2006,0.6525
Houston Rockets,4200000,Moochie Norris, PG,2005-2006,0.645
Denver Nuggets,4190476,Eduardo Najera, PF,2005-2006,0.6425
Orlando Magic,4135200,Darko Milicic, C,2005-2006,0.64
Cleveland Cavaliers,4065811,Drew Gooden, PF,2005-2006,0.6375
Charlotte Bobcats,4020120,Emeka Okafor, C,2005-2006,0.635
Utah Jazz,4000000,Gordan Giricek, SG,2005-2006,0.6325
Washington Wizards,4000000,Brendan Haywood, C,2005-2006,0.63
Indiana Pacers,4000000,Sarunas Jasikevicius, PG,2005-2006,0.6275
Toronto Raptors,3938000,Eric Williams, PF,2005-2006,0.6225
Atlanta Hawks,3883000,Marvin Williams, PF,2005-2006,0.62
Los Angeles Lakers,3792817,Chris Mihm, C,2005-2006,0.615
Denver Nuggets,3713640,Carmelo Anthony, PF,2005-2006,0.6125
Philadelphia 76ers,3636364,Kyle Korver, SG,2005-2006,0.61
"NO/Oklahoma City
 Hornets",3600000,Speedy Claxton, PG,2005-2006,0.605
Cleveland Cavaliers,3596924,Damon Jones, PG,2005-2006,0.6025
Atlanta Hawks,3500000,Tyronn Lue, PG,2005-2006,0.5925
Utah Jazz,3487440,Deron Williams, PG,2005-2006,0.59
Toronto Raptors,3410000,Mike James, PG,2005-2006,0.5875
Memphis Grizzlies,3375000,Bobby Jackson, PG,2005-2006,0.5775
Seattle SuperSonics,3325416,Vitaly Potapenko, C,2005-2006,0.5725
Seattle SuperSonics,3166154,Vladimir Radmanovic, SF,2005-2006,0.5625
Orlando Magic,3100000,Keyon Dooling, PG,2005-2006,0.5575
Denver Nuggets,3039889,Nene Hilario, C,2005-2006,0.555
LA Clippers,3000000,Zeljko Rebraca, C,2005-2006,0.55
San Antonio Spurs,3000000,Robert Horry, PF,2005-2006,0.545
Los Angeles Lakers,3000000,Slava Medvedenko, PF,2005-2006,0.5425
Philadelphia 76ers,2950200,Kevin Ollie, PG,2005-2006,0.54
Cleveland Cavaliers,2950200,Ira Newble, SF,2005-2006,0.5375
Memphis Grizzlies,2900000,Jake Tsakalidis, C,2005-2006,0.53
Charlotte Bobcats,2847360,Raymond Felton, PG,2005-2006,0.5275
Philadelphia 76ers,2844828,Steven Hunter, C,2005-2006,0.525
Seattle SuperSonics,2812239,Chris Wilcox, PF,2005-2006,0.5225
Chicago Bulls,2800000,Chris Duhon, PG,2005-2006,0.52
Chicago Bulls,2775000,Andres Nocioni, SF,2005-2006,0.5175
Orlando Magic,2750000,DeShawn Stevenson, SG,2005-2006,0.5075
Miami Heat,2640000,Michael Doleac, C,2005-2006,0.5
Phoenix Suns,2640000,Jim Jackson, SF,2005-2006,0.4975
Boston Celtics,2586207,Brian Scalabrine, PF,2005-2006,0.4925
Portland Trail Blazers,2586120,Martell Webster, SF,2005-2006,0.49
Chicago Bulls,2513880,Kirk Hinrich, SG,2005-2006,0.4875
New Jersey Nets,2500000,Clifford Robinson, PF,2005-2006,0.4825
Portland Trail Blazers,2500000,Juan Dixon, SG,2005-2006,0.48
Washington Wizards,2461617,Caron Butler, SF,2005-2006,0.4775
Chicago Bulls,2443920,Luol Deng, SF,2005-2006,0.475
Washington Wizards,2433824,Jared Jeffries, PF,2005-2006,0.4725
Indiana Pacers,2420000,Anthony Johnson, PG,2005-2006,0.47
Charlotte Bobcats,2401027,Melvin Ely, C,2005-2006,0.4675
Phoenix Suns,2400000,James Jones, SG,2005-2006,0.465
Toronto Raptors,2360880,Charlie Villanueva, PF,2005-2006,0.4625
Toronto Raptors,2333334,Jose Calderon, PG,2005-2006,0.46
Indiana Pacers,2328843,Fred Jones, SG,2005-2006,0.4575
San Antonio Spurs,2325000,Fabricio Oberto, C,2005-2006,0.455
Milwaukee Bucks,2303040,T.J. Ford, PG,2005-2006,0.4525
Boston Celtics,2255350,Dan Dickau, PG,2005-2006,0.45
Toronto Raptors,2238960,Rafael Araujo, C,2005-2006,0.4475
Chicago Bulls,2200000,Darius Songaila, PF,2005-2006,0.445
Milwaukee Bucks,2177114,Jiri Welsch, GF,2005-2006,0.4425
New York Knicks,2162880,Channing Frye, F,2005-2006,0.44
Chicago Bulls,2116920,Michael Sweetney, PF,2005-2006,0.4375
Charlotte Bobcats,2015625,Jake Voskuhl, C,2005-2006,0.4325
Washington Wizards,2011080,Jarvis Hayes, SF,2005-2006,0.43
Dallas Mavericks,2000000,DeSagana Diop, C,2005-2006,0.4175
Golden State Warriors,1988160,Ike Diogu, PF,2005-2006,0.415
Cleveland Cavaliers,1955160,Luke Jackson, SF,2005-2006,0.4125
Golden State Warriors,1910520,Mickael Pietrus, SF,2005-2006,0.41
Charlotte Bobcats,1875000,Jumaine Jones, SF,2005-2006,0.405
Golden State Warriors,1857360,Andris Biedrins, C,2005-2006,0.4025
Houston Rockets,1800000,Jon Barry, SG,2005-2006,0.3975
Seattle SuperSonics,1764480,Robert Swift, C,2005-2006,0.395
Detroit Pistons,1763115,Tayshaun Prince, SF,2005-2006,0.3925
Seattle SuperSonics,1760000,Reggie Evans, C,2005-2006,0.39
Detroit Pistons,1760000,Lindsey Hunter, SG,2005-2006,0.385
Minnesota Timberwolves,1724280,Marcus Banks, PG,2005-2006,0.3825
Utah Jazz,1700000,Jarron Collins, C,2005-2006,0.38
Philadelphia 76ers,1699001,John Salmons, SF,2005-2006,0.3775
Portland Trail Blazers,1676280,Sebastian Telfair, PG,2005-2006,0.375
Phoenix Suns,1670000,Brian Grant, PF,2005-2006,0.37
Miami Heat,1670000,Derek Anderson, SG,2005-2006,0.365
Chicago Bulls,1670000,Malik Allen, PF,2005-2006,0.3625
Denver Nuggets,1670000,Greg Buckner, SG,2005-2006,0.36
Seattle SuperSonics,1638000,Luke Ridnour, PG,2005-2006,0.3575
New Jersey Nets,1600000,Scott Padgett, PF,2005-2006,0.3525
Utah Jazz,1592400,Kris Humphries, PF,2005-2006,0.35
Portland Trail Blazers,1560000,Joel Przybilla, C,2005-2006,0.345
Atlanta Hawks,1560000,Josh Smith, PF,2005-2006,0.3425
Milwaukee Bucks,1556160,Reece Gaines, PG,2005-2006,0.34
Sacramento Kings,1540000,Jason Hart, PG,2005-2006,0.3375
Minnesota Timberwolves,1538400,Rashad McCants, SG,2005-2006,0.335
Boston Celtics,1512840,Al Jefferson, C,2005-2006,0.3325
Detroit Pistons,1500000,Maurice Evans, SG,2005-2006,0.33
New Jersey Nets,1461360,Antoine Wright, SF,2005-2006,0.3275
"NO/Oklahoma City
 Hornets",1437240,Kirk Snyder, SG,2005-2006,0.325
Utah Jazz,1400000,Milt Palacio, PG,2005-2006,0.32
Toronto Raptors,1388400,Joey Graham, SF,2005-2006,0.3175
"NO/Oklahoma City
 Hornets",1334160,David West, F,2005-2006,0.315
Indiana Pacers,1318920,Danny Granger, SF,2005-2006,0.3125
"NO/Oklahoma City
 Hornets",1300000,Rasual Butler, SF,2005-2006,0.31
"NO/Oklahoma City
 Hornets",1297080,JR Smith, SG,2005-2006,0.3075
Cleveland Cavaliers,1274160,Sasha Pavlovic, SG,2005-2006,0.305
Boston Celtics,1253040,Gerald Green, SG,2005-2006,0.3025
Miami Heat,1238640,Dorell Wright, SF,2005-2006,0.3
Memphis Grizzlies,1223160,Dahntay Jones, SG,2005-2006,0.2975
Memphis Grizzlies,1196520,Hakim Warrick, PF,2005-2006,0.295
Orlando Magic,1189200,Jameer Nelson, G,2005-2006,0.2925
Phoenix Suns,1174200,Boris Diaw, C,2005-2006,0.29
Denver Nuggets,1148760,Julius Hodge, SG,2005-2006,0.2875
Dallas Mavericks,1141560,Pavel Podkolzin, C,2005-2006,0.285
Seattle SuperSonics,1138500,Bryon Russell, SF,2005-2006,0.2825
Orlando Magic,1138500,Stacey Augmon, SF,2005-2006,0.275
New Jersey Nets,1127280,Zoran Planinic, PG,2005-2006,0.2725
Utah Jazz,1125000,Keith McLeod, PG,2005-2006,0.27
Los Angeles Lakers,1125000,Luke Walton, SF,2005-2006,0.2675
New York Knicks,1102680,Nate Robinson, PG,2005-2006,0.265
Miami Heat,1100000,Jason Kapono, SG,2005-2006,0.2625
Charlotte Bobcats,1100000,Matt Carroll, SG,2005-2006,0.26
Portland Trail Blazers,1095960,Victor Khryapa, PF,2005-2006,0.2575
Portland Trail Blazers,1082160,Travis Outlaw, SF,2005-2006,0.255
Toronto Raptors,1081575,Darrick Martin, PG,2005-2006,0.2525
Portland Trail Blazers,1058640,Jarrett Jack, G,2005-2006,0.25
Los Angeles Lakers,1038960,Brian Cook, PF,2005-2006,0.2475
Seattle SuperSonics,1029873,Mikki Moore, C,2005-2006,0.24
Sacramento Kings,1016400,Sergei Monia, SF,2005-2006,0.2375
Sacramento Kings,1016400,Francisco Garcia, SG,2005-2006,0.235
Boston Celtics,1010040,Delonte West, SG,2005-2006,0.2325
New Jersey Nets,1010040,Nenad Krstic, C,2005-2006,0.23
Atlanta Hawks,1000000,John Edwards, C,2005-2006,0.2275
Portland Trail Blazers,1000000,Steve Blake, PG,2005-2006,0.225
Houston Rockets,975600,Luther Head, PG,2005-2006,0.2225
Detroit Pistons,969600,Carlos Delfino, SG,2005-2006,0.22
Minnesota Timberwolves,965185,Anthony Carter, PG,2005-2006,0.215
Sacramento Kings,937440,Kevin Martin, SG,2005-2006,0.2125
Seattle SuperSonics,936600,Johan Petro, C,2005-2006,0.21
Boston Celtics,936480,Kendrick Perkins, C,2005-2006,0.2075
Phoenix Suns,930600,Leandro Barbosa, G,2005-2006,0.205
Dallas Mavericks,923880,Josh Howard, SF,2005-2006,0.2025
Los Angeles Lakers,910440,Sasha Vujacic, SG,2005-2006,0.2
Detroit Pistons,905640,Jason Maxiell, PF,2005-2006,0.1975
Washington Wizards,900498,Calvin Booth, C,2005-2006,0.19
Indiana Pacers,898200,David Harrison, C,2005-2006,0.1875
Chicago Bulls,895248,Jannero Pargo, PG,2005-2006,0.185
Seattle SuperSonics,895248,Ronald Murray, SG,2005-2006,0.1825
Dallas Mavericks,880000,Didier Ilunga-Mbenga, C,2005-2006,0.18
Denver Nuggets,879360,Linas Kleiza, SF,2005-2006,0.1775
Charlotte Bobcats,869373,Keith Bogans, SG,2005-2006,0.175
Miami Heat,867720,Wayne Simien, PF,2005-2006,0.1725
Cleveland Cavaliers,866800,Anderson Varejao, C,2005-2006,0.17
New York Knicks,861360,David Lee, PF,2005-2006,0.1675
Houston Rockets,858534,Maciej Lampe, PF,2005-2006,0.165
Dallas Mavericks,844537,Adrian Griffin, SG,2005-2006,0.1625
Philadelphia 76ers,835810,Zendon Hamilton, C,2005-2006,0.16
Philadelphia 76ers,835810,Lee Nailon, SF,2005-2006,0.1575
Seattle SuperSonics,835810,Mateen Cleaves, PG,2005-2006,0.1525
Los Angeles Lakers,835810,Laron Profit, SG,2005-2006,0.15
Toronto Raptors,780000,Loren Woods, C,2005-2006,0.1475
Philadelphia 76ers,771123,Michael Bradley, PF,2005-2006,0.1425
Phoenix Suns,750000,Pat Burke, C,2005-2006,0.14
Minnesota Timberwolves,745248,Richie Frahm, SG,2005-2006,0.1375
Los Angeles Lakers,745248,Smush Parker, PG,2005-2006,0.135
Charlotte Bobcats,745248,Lonny Baxter, PF,2005-2006,0.1325
Orlando Magic,745248,Terence Morris, F,2005-2006,0.13
Phoenix Suns,745248,Nikoloz Tskitishvili, SF,2005-2006,0.1275
Cleveland Cavaliers,719373,Alan Henderson, PF,2005-2006,0.1225
Denver Nuggets,719373,DerMarr Johnson, SF,2005-2006,0.115
San Antonio Spurs,719373,Sean Marks, PF,2005-2006,0.1125
New Jersey Nets,719373,Linton Johnson, PF,2005-2006,0.11
Dallas Mavericks,719373,Darrell Armstrong, PG,2005-2006,0.1025
Milwaukee Bucks,696508,Jermaine Jackson, PG,2005-2006,0.1
Atlanta Hawks,675000,Salim Stoudamire, SG,2005-2006,0.0975
Washington Wizards,660000,Peter John Ramos, C,2005-2006,0.095
Atlanta Hawks,644209,Esteban Batista, PF,2005-2006,0.0925
Atlanta Hawks,641748,Royal Ivey, PG,2005-2006,0.09
Washington Wizards,641748,Awvee Storey, SF,2005-2006,0.0875
Orlando Magic,641748,Trevor Ariza, SF,2005-2006,0.085
Orlando Magic,641748,Mario Kasun, C,2005-2006,0.0825
Memphis Grizzlies,641748,Antonio Burks, PG,2005-2006,0.08
New York Knicks,641748,Jackie Butler, C,2005-2006,0.0775
Atlanta Hawks,641748,Donta Smith, SG,2005-2006,0.075
Toronto Raptors,641748,Pape Sow, PF,2005-2006,0.0725
Miami Heat,641748,Earl Barron, C,2005-2006,0.07
Charlotte Bobcats,641747,Bernard Robinson, SG,2005-2006,0.0675
Philadelphia 76ers,627251,Matt Barnes, SF,2005-2006,0.065
LA Clippers,625000,James Singleton, F,2005-2006,0.0625
Philadelphia 76ers,450000,Lou Williams, SG,2005-2006,0.06
LA Clippers,450000,Daniel Ewing, PG,2005-2006,0.0575
Golden State Warriors,448762,Monta Ellis, SG,2005-2006,0.055
Boston Celtics,428762,Ryan Gomes, SF,2005-2006,0.0525
Golden State Warriors,423762,Chris Taft, PF,2005-2006,0.05
LA Clippers,398762,Boniface N'Dong, C,2005-2006,0.0475
Memphis Grizzlies,398762,Anthony Roberson, SG,2005-2006,0.045
"NO/Oklahoma City
 Hornets",398762,Brandon Bass, PF,2005-2006,0.0425
Charlotte Bobcats,398762,Alan Anderson, SG,2005-2006,0.04
Detroit Pistons,398762,Alex Acker, G,2005-2006,0.0375
Detroit Pistons,398762,Amir Johnson, C,2005-2006,0.035
Milwaukee Bucks,398762,Ersan Ilyasova, PF,2005-2006,0.0325
Boston Celtics,398762,Orien Greene, PG,2005-2006,0.03
Sacramento Kings,398762,Ronnie Price, PG,2005-2006,0.0275
Dallas Mavericks,398762,Rawle Marshall, SF,2005-2006,0.025
Charlotte Bobcats,398762,Kevin Burleson, PG,2005-2006,0.0225
Orlando Magic,398762,Travis Diener, PG,2005-2006,0.02
Minnesota Timberwolves,398762,Dwayne Jones II, PF,2005-2006,0.0175
Utah Jazz,398762,Robert Whaley, C,2005-2006,0.015
Chicago Bulls,398762,Eddie Basden, SG,2005-2006,0.0125
Cleveland Cavaliers,398762,Martynas Andriuskevicius, C,2005-2006,0.01
Phoenix Suns,398762,Dijon Thompson, SF,2005-2006,0.0075
Utah Jazz,398761,CJ Miles, SF,2005-2006,0.005
Washington Wizards,398672,Donell Taylor, PG,2005-2006,0.0025
Cleveland Cavaliers,6093750,Eric Snow, PG,2006-2007,0.712560386
Atlanta Hawks,4174800,Marvin Williams, PF,2006-2007,0.654589372
Golden State Warriors,4171200,Kevin Durant, SF,2006-2007,0.652173913
Memphis Grizzlies,4050000,Damon Stoudamire, PG,2006-2007,0.644927536
Utah Jazz,4000000,Gordan Giricek, SG,2006-2007,0.6352657
Houston Rockets,3840000,Bob Sura, PG,2006-2007,0.618357488
Washington Wizards,3650000,Darius Songaila, PF,2006-2007,0.606280193
Charlotte Bobcats,3303813,Melvin Ely, C,2006-2007,0.579710145
Charlotte Bobcats,3060840,Raymond Felton, PG,2006-2007,0.553140097
NO/Oklahoma City Hornets,3000000,Rasual Butler, SF,2006-2007,0.538647343
Atlanta Hawks,2863920,Josh Childress, F,2006-2007,0.52173913
Minnesota Timberwolves,2700000,Eddie Griffin, PF,2006-2007,0.507246377
Chicago Bulls,2696956,Michael Sweetney, PF,2006-2007,0.502415459
Milwaukee Bucks,2537880,Charlie Villanueva, PF,2006-2007,0.483091787
Los Angeles Lakers,2500000,Aaron McKie, SG,2006-2007,0.466183575
Detroit Pistons,2250000,Lindsey Hunter, SG,2006-2007,0.451690821
Houston Rockets,2115000,Bonzi Wells, SG,2006-2007,0.427536232
Cleveland Cavaliers,1962206,Sasha Pavlovic, SG,2006-2007,0.405797101
Phoenix Suns,1870501,Boris Diaw, C,2006-2007,0.393719807
Portland Trail Blazers,1836426,Travis Outlaw, SF,2006-2007,0.38647343
Chicago Bulls,1803600,Malik Allen, PF,2006-2007,0.376811594
Houston Rockets,1800000,Vassilis Spanoulis, PG,2006-2007,0.374396135
Boston Celtics,1793160,Sebastian Telfair, PG,2006-2007,0.369565217
Phoenix Suns,1679733,Leandro Barbosa, G,2006-2007,0.347826087
New Jersey Nets,1600000,Clifford Robinson, PF,2006-2007,0.330917874
New Jersey Nets,1570920,Antoine Wright, SF,2006-2007,0.326086957
Houston Rockets,1537440,Kirk Snyder, SG,2006-2007,0.31884058
Minnesota Timberwolves,1529873,Justin Reed, SF,2006-2007,0.316425121
Atlanta Hawks,1460640,Josh Smith, PF,2006-2007,0.304347826
Indiana Pacers,1417800,Danny Granger, SF,2006-2007,0.299516908
Los Angeles Lakers,1375000,Luke Walton, SF,2006-2007,0.292270531
Orlando Magic,1272120,Jameer Nelson, G,2006-2007,0.275362319
Milwaukee Bucks,1234800,Julius Hodge, SG,2006-2007,0.270531401
Dallas Mavericks,1221240,Pavel Podkolzin, C,2006-2007,0.265700483
New York Knicks,1185480,Nate Robinson, PG,2006-2007,0.256038647
Chicago Bulls,1172400,Victor Khryapa, PF,2006-2007,0.248792271
Portland Trail Blazers,1137960,Jarrett Jack, G,2006-2007,0.243961353
New Jersey Nets,1071225,Mikki Moore, C,2006-2007,0.231884058
Boston Celtics,1037280,Tony Allen, SG,2006-2007,0.222222222
NO/Oklahoma City Hornets,1000000,Jannero Pargo, PG,2006-2007,0.210144928
Detroit Pistons,973440,Jason Maxiell, PF,2006-2007,0.200483092
Cleveland Cavaliers,945600,Anderson Varejao, C,2006-2007,0.190821256
Orlando Magic,944520,Arron Afflalo, G,2006-2007,0.188405797
New York Knicks,926040,David Lee, PF,2006-2007,0.178743961
Dallas Mavericks,906480,Maurice Ager, SF,2006-2007,0.176328502
Phoenix Suns,810000,Pat Burke, C,2006-2007,0.169082126
Seattle SuperSonics,802000,Mickael Gelabale, SF,2006-2007,0.166666667
Los Angeles Lakers,798112,Smush Parker, PG,2006-2007,0.161835749
Golden State Warriors,798112,Dajuan Wagner, SG,2006-2007,0.15942029
NO/Oklahoma City Hornets,771331,Linton Johnson, PF,2006-2007,0.152173913
LA Clippers,771331,Quinton Ross, SF,2006-2007,0.149758454
Portland Trail Blazers,760000,Sergio Rodriguez, PG,2006-2007,0.147342995
Memphis Grizzlies,744551,Scott Padgett, PF,2006-2007,0.142512077
Toronto Raptors,744551,Darrick Martin, PG,2006-2007,0.128019324
Atlanta Hawks,729000,Salim Stoudamire, SG,2006-2007,0.120772947
LA Clippers,675000,James Singleton, F,2006-2007,0.115942029
Philadelphia 76ers,664209,Lou Williams, SG,2006-2007,0.108695652
Golden State Warriors,664209,Monta Ellis, SG,2006-2007,0.094202899
Atlanta Hawks,644209,Esteban Batista, PF,2006-2007,0.086956522
Charlotte Bobcats,617539,Derek Anderson, SG,2006-2007,0.082125604
Atlanta Hawks,490528,Slava Medvedenko, PF,2006-2007,0.074879227
Boston Celtics,432000,Leon Powe, PF,2006-2007,0.072463768
Denver Nuggets,427163,Taurean Green, PG,2006-2007,0.070048309
Dallas Mavericks,427163,Josh McRoberts, PF,2006-2007,0.06763285
Denver Nuggets,412718,Yakhouba Diawara, SG,2006-2007,0.065217391
NO/Oklahoma City Hornets,412718,Marquinhos Vieira, F,2006-2007,0.062801932
Charlotte Bobcats,412718,Ryan Hollins, C,2006-2007,0.060386473
Miami Heat,412718,Robert Hite, SG,2006-2007,0.057971014
Detroit Pistons,412718,Will Blalock, SG,2006-2007,0.055555556
New Jersey Nets,412718,Hassan Adams, SF,2006-2007,0.053140097
Toronto Raptors,412718,Uros Slokar, PF,2006-2007,0.050724638
Orlando Magic,412718,James Augustine, PF,2006-2007,0.048309179
Dallas Mavericks,412718,Pops Mensah-Bonsu, PF,2006-2007,0.04589372
Philadelphia 76ers,412718,Bobby Jones, SF,2006-2007,0.043478261
Philadelphia 76ers,407313,Chris Webber, C,2006-2007,0.038647343
Seattle SuperSonics,406340,Andre Brown, PF,2006-2007,0.036231884
Memphis Grizzlies,337238,Eddie Jones, SG,2006-2007,0.031400966
Memphis Grizzlies,302200,Junior Harrington, PG,2006-2007,0.028985507
Milwaukee Bucks,302200,Jared Reiner, C,2006-2007,0.026570048
Golden State Warriors,259770,Kelenna Azubuike, SF,2006-2007,0.024154589
Charlotte Bobcats,128935,Alan Anderson, SG,2006-2007,0.016908213
Toronto Raptors,109493,Luke Jackson, SF,2006-2007,0.012077295
Utah Jazz,70075,Alan Henderson, PF,2006-2007,0.007246377
Denver Nuggets,37620,Anthony Carter, PG,2006-2007,0.002415459
Phoenix Suns,4750000,Raja Bell, SG,2007-2008,0.674641148
Minnesota Timberwolves,3750746,Greg Buckner, SG,2007-2008,0.605263158
Philadelphia 76ers,3441900,Kevin Ollie, PG,2007-2008,0.578947368
Minnesota Timberwolves,3120000,Michael Doleac, C,2007-2008,0.552631579
Portland Trail Blazers,2974080,Martell Webster, SF,2007-2008,0.528708134
Philadelphia 76ers,2804889,Andre Iguodala, SG,2007-2008,0.514354067
Minnesota Timberwolves,2480885,Al Jefferson, C,2007-2008,0.476076555
San Antonio Spurs,2350000,Jackie Butler, C,2007-2008,0.449760766
Golden State Warriors,2216400,Patrick O'Bryant, C,2007-2008,0.433014354
New Jersey Nets,2146000,DeSagana Diop, C,2007-2008,0.425837321
Miami Heat,2040746,Dorell Wright, SF,2007-2008,0.416267943
Chicago Bulls,1928598,Victor Khryapa, PF,2007-2008,0.401913876
Chicago Bulls,1805160,Thabo Sefolosha, SF,2007-2008,0.368421053
Orlando Magic,1740000,Maurice Evans, SG,2007-2008,0.354066986
New Jersey Nets,1680600,Antoine Wright, SF,2007-2008,0.344497608
Boston Celtics,1500000,Eddie House, SG,2007-2008,0.315789474
Minnesota Timberwolves,1440960,Gerald Green, SG,2007-2008,0.30861244
Memphis Grizzlies,1376040,Hakim Warrick, PF,2007-2008,0.303827751
Golden State Warriors,1345800,Marco Belinelli, G,2007-2008,0.301435407
Sacramento Kings,1333920,Quincy Douby, SG,2007-2008,0.296650718
New York Knicks,1280640,Renaldo Balkman, SF,2007-2008,0.291866029
Cleveland Cavaliers,1200000,Devin Brown, SG,2007-2008,0.270334928
Sacramento Kings,1168800,Francisco Garcia, SG,2007-2008,0.263157895
Utah Jazz,1100000,Ronnie Price, PG,2007-2008,0.248803828
Memphis Grizzlies,1087680,Kyle Lowry, PG,2007-2008,0.244019139
Los Angeles Lakers,1009560,Jordan Farmar, PG,2007-2008,0.227272727
Utah Jazz,1005960,Morris Almond, SG,2007-2008,0.224880383
Miami Heat,973328,Earl Barron, C,2007-2008,0.21291866
Detroit Pistons,944520,Arron Afflalo, G,2007-2008,0.200956938
New Orleans Hornets,895341,Melvin Ely, C,2007-2008,0.196172249
Seattle SuperSonics,802000,Mickael Gelabale, SF,2007-2008,0.177033493
Phoenix Suns,770610,Sean Marks, PF,2007-2008,0.155502392
Dallas Mavericks,761544,Juwan Howard, PF,2007-2008,0.14354067
Seattle SuperSonics,693549,Eddie Gill, PG,2007-2008,0.136363636
Boston Celtics,687456,Leon Powe, PF,2007-2008,0.126794258
LA Clippers,687456,Paul Davis, C,2007-2008,0.124401914
Golden State Warriors,687456,Kelenna Azubuike, SF,2007-2008,0.119617225
Boston Celtics,650000,Gabe Pruitt, PG,2007-2008,0.11722488
Denver Nuggets,634620,Jelani McCoy, PF,2007-2008,0.114832536
Sacramento Kings,561544,Beno Udrih, PG,2007-2008,0.105263158
Memphis Grizzlies,538090,Juan Carlos Navarro, PG,2007-2008,0.102870813
Orlando Magic,427163,Marcin Gortat, C,2007-2008,0.100478469
Boston Celtics,427163,Glen Davis, PF,2007-2008,0.098086124
Portland Trail Blazers,427163,Josh McRoberts, PF,2007-2008,0.093301435
Los Angeles Lakers,427163,Coby Karl, PG,2007-2008,0.090909091
Toronto Raptors,427163,Jamario Moon, SF,2007-2008,0.088516746
Washington Wizards,427163,Dominic McGuire, PF,2007-2008,0.086124402
Cleveland Cavaliers,427163,Demetris Nichols, SF,2007-2008,0.083732057
Milwaukee Bucks,427163,Ramon Sessions, G,2007-2008,0.081339713
null Unknown,427163,Larry Turner, NA,2007-2008,0.078947368
null Unknown,427163,Elton Brown, NA,2007-2008,0.076555024
Minnesota Timberwolves,427163,Chris Richard, PF,2007-2008,0.074162679
Memphis Grizzlies,335442,Damon Stoudamire, PG,2007-2008,0.064593301
Indiana Pacers,319116,Courtney Sims, C,2007-2008,0.062200957
San Antonio Spurs,278912,Keith Langford, SG,2007-2008,0.059808612
Golden State Warriors,251272,C.J. Watson, PG,2007-2008,0.057416268
Houston Rockets,142201,Loren Woods, C,2007-2008,0.033492823
Seattle SuperSonics,122391,Ira Newble, SF,2007-2008,0.028708134
Los Angeles Lakers,90660,Didier Ilunga-Mbenga, C,2007-2008,0.023923445
Cleveland Cavaliers,87945,Lance Allred, C,2007-2008,0.0215311
Miami Heat,67844,Blake Ahearn, G,2007-2008,0.019138756
San Antonio Spurs,50254,Marcus Williams, SG,2007-2008,0.011961722
Toronto Raptors,4533,Linton Johnson, PF,2007-2008,0.002392344
Washington Wizards,6200000,Antonio Daniels, PG,2008-2009,0.761670762
Orlando Magic,4900000,Rafer Alston, PG,2008-2009,0.638820639
New Jersey Nets,4350000,Trenton Hassell, SF,2008-2009,0.601965602
Atlanta Hawks,4000000,Zaza Pachulia, C,2008-2009,0.57002457
Utah Jazz,3700000,CJ Miles, SF,2008-2009,0.552825553
Oklahoma City Thunder,3579131,Robert Swift, C,2008-2009,0.533169533
Orlando Magic,3500000,Brian Cook, PF,2008-2009,0.528255528
Portland Trail Blazers,3163769,Channing Frye, F,2008-2009,0.498771499
Oklahoma City Thunder,3100000,Damien Wilkins, SG,2008-2009,0.488943489
Portland Trail Blazers,3084240,Brandon Roy, SG,2008-2009,0.484029484
Golden State Warriors,2900000,Kelenna Azubuike, SF,2008-2009,0.471744472
Minnesota Timberwolves,2630000,Mark Madsen, PF,2008-2009,0.44963145
Toronto Raptors,2449184,Joey Graham, SF,2008-2009,0.422604423
Chicago Bulls,2295480,Joakim Noah, C,2008-2009,0.41031941
Memphis Grizzlies,2119102,Hakim Warrick, PF,2008-2009,0.393120393
Detroit Pistons,2000000,Walter Herrmann Heinrich, PF,2008-2009,0.373464373
Houston Rockets,1910000,Brent Barry, SG,2008-2009,0.346437346
Dallas Mavericks,1800000,Antoine Wright, SF,2008-2009,0.331695332
Sacramento Kings,1742760,Cedric Simmons, SF,2008-2009,0.319410319
Milwaukee Bucks,1700000,Francisco Elson, C,2008-2009,0.314496314
Golden State Warriors,1634000,Kosta Perovic, C,2008-2009,0.304668305
Dallas Mavericks,1572960,Shawne Williams, SF,2008-2009,0.292383292
Memphis Grizzlies,1572221,Hamed Haddadi, C,2008-2009,0.28992629
Atlanta Hawks,1500000,Ronald Murray, SG,2008-2009,0.282555283
Dallas Mavericks,1500000,J.J. Barea, PG,2008-2009,0.28009828
San Antonio Spurs,1410441,Drew Gooden, PF,2008-2009,0.267813268
Denver Nuggets,1369920,Renaldo Balkman, SF,2008-2009,0.26044226
San Antonio Spurs,1262275,Jacque Vaughn, PG,2008-2009,0.235872236
Toronto Raptors,1250000,Roko-Leni Ukic, PG,2008-2009,0.233415233
Utah Jazz,1188000,Ronnie Price, PG,2008-2009,0.221130221
Utah Jazz,1176240,Kosta Koufos, C,2008-2009,0.218673219
New Jersey Nets,1042440,Maurice Ager, SF,2008-2009,0.196560197
Detroit Pistons,1015440,Arron Afflalo, G,2008-2009,0.189189189
New Orleans Hornets,998398,Devin Brown, SG,2008-2009,0.176904177
Charlotte Bobcats,972581,Ryan Hollins, C,2008-2009,0.171990172
Miami Heat,972581,Chris Quinn, PG,2008-2009,0.16953317
Oklahoma City Thunder,964080,D.J. White, PF,2008-2009,0.167076167
Washington Wizards,841000,Ian Mahinmi, C,2008-2009,0.144963145
Dallas Mavericks,826269,Brandon Bass, PF,2008-2009,0.137592138
Utah Jazz,810000,Kyrylo Fesenko, C,2008-2009,0.132678133
Sacramento Kings,809300,Donte Greene, SF,2008-2009,0.13022113
Atlanta Hawks,797581,Randolph Morris, C,2008-2009,0.105651106
Chicago Bulls,722515,Lindsey Hunter, SG,2008-2009,0.098280098
Toronto Raptors,711517,Jamario Moon, SF,2008-2009,0.083538084
Chicago Bulls,711517,Aaron Gray, C,2008-2009,0.081081081
Detroit Pistons,711517,Will Bynum, PG,2008-2009,0.078624079
Toronto Raptors,577073,Jake Voskuhl, C,2008-2009,0.061425061
LA Clippers,550000,DeAndre Jordan, C,2008-2009,0.058968059
Houston Rockets,502007,Dikembe Mutombo, C,2008-2009,0.054054054
Memphis Grizzlies,450399,Darius Miles, SF,2008-2009,0.046683047
Cleveland Cavaliers,450000,Darnell Jackson, PF,2008-2009,0.044226044
Denver Nuggets,442114,Sonny Weems, SG,2008-2009,0.041769042
Oklahoma City Thunder,442114,Steven Hill, C,2008-2009,0.039312039
Golden State Warriors,442114,Anthony Morrow, SG,2008-2009,0.036855037
Detroit Pistons,442114,Walter Sharpe, PF,2008-2009,0.034398034
New York Knicks,442114,Joe Crawford, SG,2008-2009,0.031941032
null Unknown,442114,Taj McCullough, NA,2008-2009,0.029484029
Toronto Raptors,442114,Nathan Jawai, C,2008-2009,0.027027027
Sacramento Kings,442114,Bobby Brown, PG,2008-2009,0.024570025
null Unknown,442114,Jamaal Tatum, NA,2008-2009,0.022113022
Atlanta Hawks,442114,Othello Hunter, SF,2008-2009,0.01965602
Golden State Warriors,422725,Jermareo Davidson, PF,2008-2009,0.017199017
Houston Rockets,184157,James White, SG,2008-2009,0.00982801
Charlotte Bobcats,93624,Dontell Jefferson, SG,2008-2009,0.007371007
Charlotte Bobcats,52014,Cartier Martin, PF,2008-2009,0.004914005
Toronto Raptors,5000000,Jarrett Jack, G,2009-2010,0.664285714
Boston Celtics,4500000,Kendrick Perkins, C,2009-2010,0.630952381
Memphis Grizzlies,4080915,Greg Buckner, SG,2009-2010,0.604761905
Minnesota Timberwolves,3630000,Damien Wilkins, SG,2009-2010,0.55952381
Detroit Pistons,3000000,Chris Wilcox, PF,2009-2010,0.502380952
Memphis Grizzlies,2717161,Ronnie Brewer, SF,2009-2010,0.473809524
San Antonio Spurs,2500000,Michael Finley, SG,2009-2010,0.457142857
Sacramento Kings,2332800,Spencer Hawes, PF,2009-2010,0.442857143
LA Clippers,2300000,Craig Smith, PF,2009-2010,0.438095238
Minnesota Timberwolves,2183333,Ryan Hollins, C,2009-2010,0.428571429
Houston Rockets,2062800,Brent Barry, SG,2009-2010,0.404761905
Phoenix Suns,1990000,Channing Frye, F,2009-2010,0.378571429
LA Clippers,1867742,Mardy Collins, PG,2009-2010,0.366666667
Toronto Raptors,1800000,Antoine Wright, SF,2009-2010,0.354761905
Philadelphia 76ers,1700000,Francisco Elson, C,2009-2010,0.345238095
Golden State Warriors,1600000,Devean George, SF,2009-2010,0.326190476
Minnesota Timberwolves,1547640,Oleksiy Pecherov, C,2009-2010,0.314285714
Washington Wizards,1477920,Javaris Crittenton, PG,2009-2010,0.304761905
Philadelphia 76ers,1418880,Jason Smith, PF,2009-2010,0.297619048
Milwaukee Bucks,1350000,Roko-Leni Ukic, PG,2009-2010,0.288095238
Denver Nuggets,1300000,Malik Allen, PF,2009-2010,0.278571429
Utah Jazz,1214040,Kosta Koufos, C,2009-2010,0.266666667
Portland Trail Blazers,1165320,Rudy Fernandez, SG,2009-2010,0.261904762
Oklahoma City Thunder,1120200,Serge Ibaka, PF,2009-2010,0.25952381
San Antonio Spurs,1081680,George Hill, PG,2009-2010,0.245238095
Philadelphia 76ers,1050000,Royal Ivey, PG,2009-2010,0.233333333
New York Knicks,1028880,J.R. Giddens, SG,2009-2010,0.219047619
Memphis Grizzlies,1009680,DeMarre Carroll, SF,2009-2010,0.216666667
Chicago Bulls,1000497,Aaron Gray, C,2009-2010,0.20952381
Atlanta Hawks,855189,Randolph Morris, C,2009-2010,0.173809524
Sacramento Kings,825479,Sean May, C,2009-2010,0.142857143
Memphis Grizzlies,738091,Jamaal Tinsley, PG,2009-2010,0.130952381
Atlanta Hawks,736420,Othello Hunter, SF,2009-2010,0.10952381
Houston Rockets,725000,Chase Budinger, SF,2009-2010,0.107142857
Memphis Grizzlies,650686,Allen Iverson, SG,2009-2010,0.1
Philadelphia 76ers,650000,Jodie Meeks, SG,2009-2010,0.097619048
New Jersey Nets,475875,Rafer Alston, PG,2009-2010,0.09047619
Detroit Pistons,457588,DaJuan Summers, SF,2009-2010,0.088095238
Portland Trail Blazers,457588,Dante Cunningham, SF,2009-2010,0.085714286
Portland Trail Blazers,457588,Patty Mills, PG,2009-2010,0.083333333
Memphis Grizzlies,457588,Derrick Byars, SF,2009-2010,0.080952381
Phoenix Suns,457588,Taylor Griffin, PF,2009-2010,0.078571429
Memphis Grizzlies,457588,Trey Gilder, SF,2009-2010,0.076190476
Sacramento Kings,457588,Jon Brockman, PF,2009-2010,0.073809524
Utah Jazz,457588,Wesley Matthews, SG,2009-2010,0.071428571
Atlanta Hawks,451595,Mario West, SG,2009-2010,0.069047619
Milwaukee Bucks,422460,Jerry Stackhouse, SF,2009-2010,0.064285714
Charlotte Bobcats,160244,Larry Hughes, SG,2009-2010,0.052380952
Golden State Warriors,118435,Reggie Williams, SF,2009-2010,0.05
Washington Wizards,95301,Mike Harris, SF,2009-2010,0.042857143
San Antonio Spurs,88826,Garrett Temple, SG,2009-2010,0.04047619
New York Knicks,63127,Earl Barron, C,2009-2010,0.033333333
Sacramento Kings,47651,Joey Dorsey, PF,2009-2010,0.026190476
Portland Trail Blazers,43703,Shavlik Randolph, PF,2009-2010,0.021428571
Oklahoma City Thunder,40375,Mustafa Shakur, PG,2009-2010,0.019047619
Washington Wizards,40375,Cedric Jackson, G,2009-2010,0.016666667
Miami Heat,29135,Alexander Johnson, SF,2009-2010,0.014285714
Golden State Warriors,17328,Coby Karl, PG,2009-2010,0.00952381
Utah Jazz,10767,Brian Butch, C,2009-2010,0.007142857
Portland Trail Blazers,5383,Greg Stiemsma, C,2009-2010,0.004761905
Memphis Grizzlies,2692,Tony Gaffney, SF,2009-2010,0.002380952
Phoenix Suns,5200000,Channing Frye, F,2010-2011,0.697986577
Chicago Bulls,4790000,Ronnie Brewer, SF,2010-2011,0.668903803
Charlotte Bobcats,4300000,Matt Carroll, SG,2010-2011,0.646532438
Dallas Mavericks,4151786,DeShawn Stevenson, SG,2010-2011,0.63310962
New Jersey Nets,3750000,Jordan Farmar, PG,2010-2011,0.601789709
Memphis Grizzlies,3573333,Marc Gasol, C,2010-2011,0.58836689
Charlotte Bobcats,3500000,Shaun Livingston, PG,2010-2011,0.577181208
New Jersey Nets,3398072,Brandan Wright, F,2010-2011,0.572706935
New York Knicks,3304560,Danilo Gallinari, SF,2010-2011,0.568232662
Chicago Bulls,3128536,Joakim Noah, C,2010-2011,0.548098434
Minnesota Timberwolves,2840000,Mark Madsen, PF,2010-2011,0.514541387
Washington Wizards,2630503,Nick Young, G,2010-2011,0.503355705
New Orleans Hornets,2380270,Marco Belinelli, G,2010-2011,0.48098434
Orlando Magic,2265000,Quentin Richardson, SF,2010-2011,0.465324385
New York Knicks,2130482,Wilson Chandler, SF,2010-2011,0.44295302
Houston Rockets,2062800,Brent Barry, SG,2010-2011,0.427293065
Denver Nuggets,1959577,Arron Afflalo, G,2010-2011,0.409395973
Phoenix Suns,1867320,Robin Lopez, C,2010-2011,0.402684564
Los Angeles Lakers,1765000,Matt Barnes, SF,2010-2011,0.387024609
Milwaukee Bucks,1731960,Larry Sanders, PF,2010-2011,0.384787472
New York Knicks,1675000,Renaldo Balkman, SF,2010-2011,0.375838926
Chicago Bulls,1600000,Keith Bogans, SG,2010-2011,0.362416107
Indiana Pacers,1500000,Solomon Jones, PF,2010-2011,0.353467562
Toronto Raptors,1467840,Alexis Ajinca, C,2010-2011,0.346756152
Utah Jazz,1381250,Ronnie Price, PG,2010-2011,0.33557047
Milwaukee Bucks,1350000,Roko-Leni Ukic, PG,2010-2011,0.319910515
Minnesota Timberwolves,1298640,Kosta Koufos, C,2010-2011,0.315436242
Portland Trail Blazers,1246680,Rudy Fernandez, SG,2010-2011,0.308724832
Portland Trail Blazers,1196760,Nicolas Batum, SF,2010-2011,0.29753915
Chicago Bulls,1117680,Taj Gibson, PF,2010-2011,0.284116331
Minnesota Timberwolves,1078800,Wayne Ellington, SG,2010-2011,0.272930649
New York Knicks,1071000,Toney Douglas, PG,2010-2011,0.266219239
Washington Wizards,1042320,Jordan Crawford, G,2010-2011,0.263982103
Washington Wizards,1030189,James Singleton, F,2010-2011,0.257270694
New Orleans Hornets,1028840,Aaron Gray, C,2010-2011,0.252796421
Washington Wizards,1028400,Daniel Orton, C,2010-2011,0.250559284
Cleveland Cavaliers,1020960,Christian Eyenga, SF,2010-2011,0.248322148
Atlanta Hawks,884881,Salim Stoudamire, SG,2010-2011,0.219239374
New York Knicks,855189,Mouhamed Sene, C,2010-2011,0.212527964
Sacramento Kings,780871,Jermaine Taylor, SG,2010-2011,0.170022371
Charlotte Bobcats,762195,Dante Cunningham, SF,2010-2011,0.165548098
Milan Olimpia,762195,Oliver Lafayette, G,2010-2011,0.149888143
Madrid Real Madrid,736420,Othello Hunter, SF,2010-2011,0.138702461
Oklahoma City Thunder,679821,Mike Wilks, PG,2010-2011,0.129753915
Memphis Grizzlies,633253,Acie Law, PG,2010-2011,0.118568233
LA Clippers,567917,Ike Diogu, PF,2010-2011,0.11409396
Memphis Grizzlies,524964,Jason Williams, PG,2010-2011,0.109619687
Washington Wizards,515603,Lester Hudson, SG,2010-2011,0.10738255
LA Clippers,500000,Willie Warren, SG,2010-2011,0.105145414
Atlanta Hawks,482478,Damien Wilkins, SG,2010-2011,0.100671141
LA Clippers,473604,Patrick Beverley, PG,2010-2011,0.098434004
Phoenix Suns,473604,Gani Lawal, PF,2010-2011,0.096196868
Phoenix Suns,473604,Garret Siler, C,2010-2011,0.093959732
Charlotte Bobcats,473604,Sherron Collins, PG,2010-2011,0.091722595
New York Knicks,473604,Landry Fields, SG,2010-2011,0.089485459
Memphis Grizzlies,473604,Ish Smith, PG,2010-2011,0.087248322
Denver Nuggets,473604,Gary Forbes, F,2010-2011,0.085011186
Cleveland Cavaliers,473604,Semih Erden, C,2010-2011,0.082774049
Utah Jazz,473604,Jeremy Evans, F,2010-2011,0.080536913
Memphis Grizzlies,457588,Derrick Byars, SF,2010-2011,0.07606264
Miami Heat,196007,Carlos Arroyo, PG,2010-2011,0.044742729
Charlotte Hornets,168579,Jannero Pargo, PG,2010-2011,0.040268456
Chicago Bulls,130165,John Lucas III, PG,2010-2011,0.035794183
San Antonio Spurs,130022,Danny Green, SG,2010-2011,0.033557047
Toronto Raptors,112088,Sundiata Gaines, PG,2010-2011,0.029082774
Washington Wizards,35868,Othyus Jeffers, SG,2010-2011,0.020134228
New Orleans Hornets,25073,Patrick Ewing Jr., SF,2010-2011,0.017897092
Utah Jazz,25000,Marcus Cousin, C,2010-2011,0.015659955
New Jersey Nets,20103,Mario West, SG,2010-2011,0.011185682
Houston Rockets,15000,Marqus Blakely, SF,2010-2011,0.008948546
Toronto Raptors,8967,Trey Johnson, SG,2010-2011,0.002237136
Detroit Pistons,7540000,Charlie Villanueva, PF,2011-2012,0.785425101
Philadelphia 76ers,5176000,Lou Williams, SG,2011-2012,0.728744939
Oklahoma City Thunder,4604760,James Harden, PG,2011-2012,0.698380567
Minnesota Timberwolves,4503600,Nikola Pekovic, C,2011-2012,0.692307692
Cleveland Cavaliers,4403834,Daniel Gibson, SG,2011-2012,0.686234818
Milwaukee Bucks,3750000,Mike Dunleavy, SG,2011-2012,0.637651822
Milwaukee Bucks,3500000,Shaun Livingston, PG,2011-2012,0.62145749
New Jersey Nets,3076983,Brook Lopez, C,2011-2012,0.582995951
Toronto Raptors,2812006,James Johnson, PF,2011-2012,0.552631579
Indiana Pacers,2588590,Roy Hibbert, C,2011-2012,0.532388664
LA Clippers,2400000,Ricky Davis, SG,2011-2012,0.512145749
Sacramento Kings,2354537,JJ Hickson, C,2011-2012,0.508097166
Indiana Pacers,2138040,Tyler Hansbrough, PF,2011-2012,0.473684211
Golden State Warriors,2126520,Klay Thompson, SG,2011-2012,0.471659919
Minnesota Timberwolves,2016692,Aaron Brooks, G,2011-2012,0.457489879
Houston Rockets,1823280,Dikembe Mutombo, C,2011-2012,0.431174089
Houston Rockets,1823280,Marcus Morris, PF,2011-2012,0.429149798
New Jersey Nets,1728000,Keith Bogans, SG,2011-2012,0.425101215
Phoenix Suns,1567500,Sebastian Telfair, PG,2011-2012,0.408906883
New Orleans Hornets,1567500,Gustavo Ayon, PF,2011-2012,0.406882591
Miami Heat,1500000,James Jones, SG,2011-2012,0.392712551
Portland Trail Blazers,1442880,Elliot Williams, SG,2011-2012,0.384615385
Miami Heat,1399507,Zydrunas Ilgauskas, C,2011-2012,0.374493927
Charlotte Bobcats,1288200,Byron Mullens, C,2011-2012,0.354251012
Orlando Magic,1160000,Earl Clark, SF,2011-2012,0.336032389
New York Knicks,1145640,Toney Douglas, PG,2011-2012,0.327935223
Oklahoma City Thunder,1097520,Lazar Hayward, SF,2011-2012,0.311740891
Miami Heat,1082520,Norris Cole, PG,2011-2012,0.309716599
Orlando Magic,1069509,Von Wafer, SG,2011-2012,0.303643725
San Antonio Spurs,1054000,DeJuan Blair, C,2011-2012,0.29757085
Golden State Warriors,1027424,Earl Barron, C,2011-2012,0.289473684
Chicago Bulls,1020960,Jimmy Butler, SG,2011-2012,0.287449393
San Antonio Spurs,854389,Gary Neal, PG,2011-2012,0.236842105
Indiana Pacers,810000,Lance Stephenson, SG,2011-2012,0.214574899
Phoenix Suns,788872,Zabian Dowdell, PG,2011-2012,0.194331984
Perth Perth,788872,Terrico White, G,2011-2012,0.192307692
Dallas Mavericks,771706,Yi Jianlian, SF,2011-2012,0.182186235
Utah Jazz,762195,Brian Butch, C,2011-2012,0.172064777
Detroit Pistons,736420,Walter Sharpe, PF,2011-2012,0.157894737
Philadelphia 76ers,650686,Allen Iverson, SG,2011-2012,0.143724696
Golden State Warriors,633253,Acie Law, PG,2011-2012,0.139676113
Memphis Grizzlies,550000,Josh Selby, PG,2011-2012,0.137651822
Orlando Magic,522472,Ish Smith, PG,2011-2012,0.129554656
LA Clippers,500000,Travis Leslie, PG,2011-2012,0.127530364
Minnesota Timberwolves,500000,Malcolm Lee, SG,2011-2012,0.125506073
Oklahoma City Thunder,475000,Ryan Reid, PF,2011-2012,0.123481781
Sacramento Kings,473604,Pooh Jeter, PG,2011-2012,0.12145749
Golden State Warriors,473604,Charles Jenkins, PG,2011-2012,0.119433198
Washington Wizards,473604,Shelvin Mack, PG,2011-2012,0.117408907
Philadelphia 76ers,473604,Lavoy Allen, F,2011-2012,0.115384615
New York Knicks,473604,Josh Harrellson, C,2011-2012,0.113360324
Charlotte Hornets,473604,Sherron Collins, PG,2011-2012,0.109311741
Golden State Warriors,473604,Chris Wright, SF,2011-2012,0.107287449
Milwaukee Bucks,473604,Jon Leuer, PF,2011-2012,0.105263158
New Orleans Hornets,473604,Carldell Johnson, PG,2011-2012,0.103238866
Dallas Mavericks,402065,Peja Stojakovic, SF,2011-2012,0.089068826
Washington Wizards,319128,Ronny Turiaf, C,2011-2012,0.085020243
Sacramento Kings,254938,Terrence Williams, SG,2011-2012,0.076923077
Boston Celtics,196007,Carlos Arroyo, PG,2011-2012,0.048582996
Toronto Raptors,190548,Ben Uzoh, PG,2011-2012,0.046558704
Cleveland Cavaliers,160414,Donald Sloan, G,2011-2012,0.044534413
Washington Wizards,151585,James Singleton, F,2011-2012,0.04048583
Utah Jazz,117134,Blake Ahearn, G,2011-2012,0.036437247
New York Knicks,69393,Dan Gadzuric, C,2011-2012,0.024291498
New Orleans Hornets,64930,Jerome Dyson, PG,2011-2012,0.022267206
Cleveland Cavaliers,40375,Cedric Jackson, G,2011-2012,0.012145749
Minnesota Timberwolves,35868,Othyus Jeffers, SG,2011-2012,0.008097166
Brooklyn Nets,20103,Mario West, SG,2011-2012,0.002024291
Houston Rockets,8374646,Omer Asik, C,2012-2013,0.86440678
Washington Wizards,5150000,Martell Webster, SF,2012-2013,0.757062147
Philadelphia 76ers,4818000,Darius Songaila, PF,2012-2013,0.736346516
Cleveland Cavaliers,4792332,Daniel Gibson, SG,2012-2013,0.728813559
Miami Heat,4340000,Udonis Haslem, PF,2012-2013,0.711864407
Phoenix Suns,4285560,Wesley Johnson, SF,2012-2013,0.706214689
Sacramento Kings,3880800,DeMarcus Cousins, C,2012-2013,0.666666667
Minnesota Timberwolves,3741120,Ricky Rubio, PG,2012-2013,0.661016949
Utah Jazz,3480000,Raja Bell, SG,2012-2013,0.640301318
Toronto Raptors,3374640,Jonas Valanciunas, C,2012-2013,0.638418079
Minnesota Timberwolves,3135000,Shawne Williams, SF,2012-2013,0.612052731
Dallas Mavericks,3090000,Vince Carter, SF,2012-2013,0.606403013
Charlotte Bobcats,3049920,Bismack Biyombo, C,2012-2013,0.600753296
New Orleans Hornets,2947800,Al-Farouq Aminu, PF,2012-2013,0.585687382
New York Knicks,2806452,JR Smith, SG,2012-2013,0.572504708
Charlotte Bobcats,2568360,Kemba Walker, PG,2012-2013,0.544256121
LA Clippers,2400000,Ricky Davis, SG,2012-2013,0.529190207
Atlanta Hawks,2240450,DeShawn Stevenson, SG,2012-2013,0.512241055
Madrid Real Madrid,2180443,Rudy Fernandez, SG,2012-2013,0.50094162
Portland Trail Blazers,2126520,Meyers Leonard, PF,2012-2013,0.49905838
Oklahoma City Thunder,2016000,Eric Maynor, PG,2012-2013,0.47645951
Portland Trail Blazers,1892280,Luke Babbitt, F,2012-2013,0.461393597
San Antonio Spurs,1809840,Kawhi Leonard, SF,2012-2013,0.455743879
Denver Nuggets,1674641,Anthony Randolph, SF,2012-2013,0.442561205
Toronto Raptors,1567500,Sebastian Telfair, PG,2012-2013,0.43126177
Orlando Magic,1545840,Tobias Harris, SF,2012-2013,0.425612053
Miami Heat,1500000,Greg Oden, C,2012-2013,0.421845574
Orlando Magic,1500000,Gustavo Ayon, PF,2012-2013,0.418079096
Houston Rockets,1485000,Terrence Jones, PF,2012-2013,0.416195857
Portland Trail Blazers,1442880,Elliot Williams, SG,2012-2013,0.4086629
Philadelphia 76ers,1404960,Craig Brackins, PF,2012-2013,0.404896422
Portland Trail Blazers,1365720,Nolan Smith, PG,2012-2013,0.395480226
Denver Nuggets,1361400,Evan Fournier, SG,2012-2013,0.393596987
Denver Nuggets,1311240,Kenneth Faried, PF,2012-2013,0.384180791
Memphis Grizzlies,1300000,Hamed Haddadi, C,2012-2013,0.380414313
Oklahoma City Thunder,1260360,Reggie Jackson, PG,2012-2013,0.374764595
Portland Trail Blazers,1232713,Sasha Pavlovic, SG,2012-2013,0.369114878
Brooklyn Nets,1160040,MarShon Brooks, SG,2012-2013,0.357815443
Dallas Mavericks,1156320,Jared Cunningham, SG,2012-2013,0.355932203
Chicago Bulls,1112880,Jimmy Butler, SG,2012-2013,0.346516008
Oklahoma City Thunder,1110840,Andre Roberson, SG,2012-2013,0.344632768
San Antonio Spurs,1085120,Patty Mills, PG,2012-2013,0.335216573
Oklahoma City Thunder,1082520,Perry Jones, SF,2012-2013,0.333333333
San Antonio Spurs,1074720,Cory Joseph, PG,2012-2013,0.329566855
Cleveland Cavaliers,1069509,Kelenna Azubuike, SF,2012-2013,0.322033898
San Antonio Spurs,1054000,DeJuan Blair, C,2012-2013,0.31826742
Cleveland Cavaliers,1029389,Jawad Williams, SF,2012-2013,0.312617702
Golden State Warriors,1020960,Festus Ezeli, C,2012-2013,0.310734463
Dallas Mavericks,992680,Brandan Wright, F,2012-2013,0.303201507
Atlanta Hawks,884881,Salim Stoudamire, SG,2012-2013,0.282485876
Chicago Bulls,884293,Nazr Mohammed, C,2012-2013,0.274952919
Chicago Bulls,855189,Anthony Roberson, SG,2012-2013,0.263653484
Washington Wizards,854389,Earl Barron, C,2012-2013,0.244821092
Milan Olimpia,788872,Gani Lawal, PF,2012-2013,0.214689266
Toronto Raptors,788872,Andy Rautins, SG,2012-2013,0.207156309
Charlotte Bobcats,788872,Jeffery Taylor, SF,2012-2013,0.20527307
Philadelphia 76ers,762195,Charles Jenkins, PG,2012-2013,0.190207156
Fenerbahce Ulker Fenerbahce Ulker,762195,Semih Erden, C,2012-2013,0.173258004
Memphis Grizzlies,668434,Brian Skinner, PF,2012-2013,0.154425612
Golden State Warriors,633253,Acie Law, PG,2012-2013,0.148775895
Dallas Mavericks,600491,Jae Crowder, PF,2012-2013,0.146892655
Dallas Mavericks,582995,Chris Douglas-Roberts, SG,2012-2013,0.145009416
Indiana Pacers,550000,Orlando Johnson, SG,2012-2013,0.143126177
Dallas Mavericks,502581,Mike James, PG,2012-2013,0.131826742
Washington Wizards,490180,Glen Rice Jr., SG,2012-2013,0.129943503
Oklahoma City Thunder,475000,Ryan Reid, PF,2012-2013,0.126177024
New York Knicks,473604,John Shurna, SF,2012-2013,0.124293785
Philadelphia 76ers,473604,Hollis Thompson, SF,2012-2013,0.122410546
Philadelphia 76ers,473604,Devin Searcy, PF,2012-2013,0.120527307
null Unknown,473604,Stanley Robinson, NA,2012-2013,0.118644068
Dallas Mavericks,473604,Josh Akognon, PG,2012-2013,0.116760829
Phoenix Suns,473604,Luke Zeller, PF,2012-2013,0.114877589
Charlotte Hornets,473604,Sherron Collins, PG,2012-2013,0.111111111
Phoenix Suns,473604,Diante Garrett, PG,2012-2013,0.109227872
Atlanta Hawks,473604,Carldell Johnson, PG,2012-2013,0.103578154
Boston Celtics,473604,Jamar Smith, SG,2012-2013,0.101694915
Dallas Mavericks,402065,Peja Stojakovic, SF,2012-2013,0.092278719
Boston Celtics,244710,Terrence Williams, SG,2012-2013,0.073446328
Washington Wizards,151585,James Singleton, F,2012-2013,0.047080979
Washington Wizards,103121,Shelvin Mack, PG,2012-2013,0.039548023
LA Clippers,48232,Lester Hudson, SG,2012-2013,0.018832392
Philadelphia 76ers,47360,Justin Holiday, SF,2012-2013,0.016949153
Minnesota Timberwolves,35868,Othyus Jeffers, SG,2012-2013,0.009416196
Brooklyn Nets,27859,Kris Joseph, SF,2012-2013,0.007532957
New Orleans Pelicans,5375760,Anthony Davis, PF,2013-2014,0.766233766
Phoenix Suns,3500000,Gerald Green, SG,2013-2014,0.581818182
Dallas Mavericks,3180000,Vince Carter, SF,2013-2014,0.54025974
Memphis Grizzlies,3000000,Kosta Koufos, C,2013-2014,0.514285714
Portland Trail Blazers,2897976,Joel Freeland, C,2013-2014,0.506493506
Toronto Raptors,2678640,Terrence Ross, SG,2013-2014,0.488311688
Detroit Pistons,2465400,Andre Drummond, C,2013-2014,0.45974026
Golden State Warriors,2317920,Klay Thompson, SG,2013-2014,0.449350649
Utah Jazz,2202000,Alec Burks, SG,2013-2014,0.436363636
Phoenix Suns,2091840,Markieff Morris, PF,2013-2014,0.420779221
Golden State Warriors,2000000,Jermaine O'Neal, C,2013-2014,0.407792208
Phoenix Suns,1987320,Marcus Morris, PF,2013-2014,0.402597403
San Antonio Spurs,1887840,Kawhi Leonard, SF,2013-2014,0.392207792
Orlando Magic,1793520,Nikola Vucevic, C,2013-2014,0.384415584
San Antonio Spurs,1750000,Jeff Ayres, F,2013-2014,0.376623377
Utah Jazz,1600000,John Lucas III, PG,2013-2014,0.355844156
Orlando Magic,1545840,Tobias Harris, SF,2013-2014,0.345454545
Minnesota Timberwolves,1500000,Ronny Turiaf, C,2013-2014,0.34025974
Orlando Magic,1482000,Andrew Nicholson, PF,2013-2014,0.32987013
Miami Heat,1399507,Chris Andersen, PF,2013-2014,0.309090909
Boston Celtics,1365720,Jared Sullinger, C,2013-2014,0.298701299
Minnesota Timberwolves,1352640,Gorgui Dieng, C,2013-2014,0.296103896
Portland Trail Blazers,1330000,Victor Claver, PF,2013-2014,0.290909091
Atlanta Hawks,1258800,John Jenkins, G,2013-2014,0.280519481
Oklahoma City Thunder,1200000,Hasheem Thabeet, C,2013-2014,0.272727273
Atlanta Hawks,1200000,Pero Antic, PF,2013-2014,0.27012987
Oklahoma City Thunder,1082520,Perry Jones, SF,2013-2014,0.238961039
Portland Trail Blazers,1066920,Festus Ezeli, C,2013-2014,0.231168831
Phoenix Suns,1064400,Archie Goodwin, SG,2013-2014,0.228571429
Golden State Warriors,875500,Draymond Green, PF,2013-2014,0.174025974
Philadelphia 76ers,797545,Elliot Williams, SG,2013-2014,0.168831169
Charlotte Bobcats,788872,Jeffery Taylor, SF,2013-2014,0.161038961
Utah Jazz,719266,Diante Garrett, PG,2013-2014,0.145454545
Utah Jazz,702233,Malcolm Thomas, PF,2013-2014,0.142857143
Memphis Grizzlies,634610,James Johnson, PF,2013-2014,0.127272727
Los Angeles Lakers,547570,Kendall Marshall, PG,2013-2014,0.119480519
Dallas Mavericks,544000,Ricky Ledo, SG,2013-2014,0.116883117
Memphis Grizzlies,535000,Jamaal Franklin, SG,2013-2014,0.114285714
Sacramento Kings,524616,Ray McCallum, PG,2013-2014,0.111688312
Cleveland Cavaliers,510000,Carrick Felix, SG,2013-2014,0.109090909
Milwaukee Bucks,500000,Nate Wolters, PG,2013-2014,0.106493506
Detroit Pistons,500000,Tony Mitchell, PF,2013-2014,0.103896104
Houston Rockets,490180,Robert Covington, SF,2013-2014,0.101298701
Washington Wizards,490180,Glen Rice Jr., SG,2013-2014,0.096103896
Philadelphia 76ers,490180,Brandon Davies, PF,2013-2014,0.093506494
Charlotte Bobcats,490180,James Southerland, SF,2013-2014,0.090909091
Los Angeles Lakers,490180,Ryan Kelly, PF,2013-2014,0.088311688
Phoenix Suns,306037,Shavlik Randolph, PF,2013-2014,0.067532468
Philadelphia 76ers,171696,Jarvis Varnado, PF,2013-2014,0.049350649
Houston Rockets,158588,Troy Daniels, SG,2013-2014,0.046753247
Charlotte Bobcats,104028,D.J. White, PF,2013-2014,0.038961039
Charlotte Bobcats,98036,Justin Hamilton, C,2013-2014,0.036363636
Chicago Bulls,57627,Mike James, PG,2013-2014,0.025974026
New Orleans Pelicans,29788,Melvin Ely, C,2013-2014,0.01038961
Toronto Raptors,5831326,Patrick Patterson, PF,2014-2015,0.793103448
Minnesota Timberwolves,5563920,Anthony Bennett, PF,2014-2015,0.783908046
Portland Trail Blazers,7245640,Wesley Matthews, SG,2014-2015,0.76091954
Washington Wizards,5305000,Paul Pierce, SF,2014-2015,0.717241379
Orlando Magic,4978200,Victor Oladipo, SG,2014-2015,0.696551724
Sacramento Kings,4797664,Darren Collison, PG,2014-2015,0.685057471
Washington Wizards,4470480,Otto Porter Jr., SF,2014-2015,0.662068966
Indiana Pacers,4000000,Ian Mahinmi, C,2014-2015,0.634482759
Phoenix Suns,3649920,Alex Len, C,2014-2015,0.604597701
Portland Trail Blazers,3340920,Damian Lillard, PG,2014-2015,0.586206897
Philadelphia 76ers,3315120,Nerlens Noel, PF,2014-2015,0.574712644
Boston Celtics,3278000,Evan Turner, SG,2014-2015,0.565517241
Phoenix Suns,3000000,Anthony Tolliver, PF,2014-2015,0.526436782
Phoenix Suns,2989239,Markieff Morris, PF,2014-2015,0.52183908
Orlando Magic,2750000,Luke Ridnour, PG,2014-2015,0.501149425
Utah Jazz,2548560,Trey Burke, PG,2014-2015,0.482758621
Portland Trail Blazers,2421000,CJ McCollum, SG,2014-2015,0.468965517
Philadelphia 76ers,2300040,Michael Carter-Williams, PG,2014-2015,0.459770115
Boston Celtics,2075760,Kelly Olynyk, PF,2014-2015,0.427586207
Minnesota Timberwolves,1971960,Shabazz Muhammad, F,2014-2015,0.404597701
Milwaukee Bucks,1873200,Giannis Antetokounmpo, PF,2014-2015,0.397701149
Utah Jazz,1794871,Jeremy Evans, F,2014-2015,0.388505747
Sacramento Kings,1768653,Reggie Evans, C,2014-2015,0.383908046
Toronto Raptors,1762680,Lucas Nogueira, C,2014-2015,0.381609195
Detroit Pistons,1750000,Luigi Datome, SF,2014-2015,0.377011494
Atlanta Hawks,1690680,Dennis Schroder, PG,2014-2015,0.370114943
New York Knicks,1606080,Shane Larkin, G,2014-2015,0.35862069
Brooklyn Nets,1533840,Sergey Karasev, SG,2014-2015,0.351724138
Chicago Bulls,1472400,Tony Snell, SG,2014-2015,0.337931034
Minnesota Timberwolves,1413480,Gorgui Dieng, C,2014-2015,0.32183908
Brooklyn Nets,1357080,Mason Plumlee, PF,2014-2015,0.314942529
Indiana Pacers,1302840,Solomon Hill, SF,2014-2015,0.301149425
Atlanta Hawks,1250000,Pero Antic, PF,2014-2015,0.289655172
Phoenix Suns,1200720,Reggie Bullock, SG,2014-2015,0.275862069
Oklahoma City Thunder,1160880,Andre Roberson, SG,2014-2015,0.268965517
Phoenix Suns,1112280,Archie Goodwin, SG,2014-2015,0.245977011
Golden State Warriors,1104240,Nemanja Nedovic, PG,2014-2015,0.24137931
Indiana Pacers,1100000,Damjan Rudez, SF,2014-2015,0.23908046
Dallas Mavericks,909859,J.J. Barea, PG,2014-2015,0.183908046
Orlando Magic,884879,Devyn Marble, SF,2014-2015,0.181609195
Philadelphia 76ers,884879,Jerami Grant, SF,2014-2015,0.179310345
Cleveland Cavaliers,884879,Joe Harris, SF,2014-2015,0.177011494
Oklahoma City Thunder,861405,Ish Smith, PG,2014-2015,0.170114943
Washington Wizards,816482,Glen Rice Jr., SG,2014-2015,0.163218391
Sacramento Kings,816482,Ray McCallum, PG,2014-2015,0.156321839
Minnesota Timberwolves,742962,Jeff Adrien, SF,2014-2015,0.135632184
Philadelphia 76ers,710659,Malcolm Lee, SG,2014-2015,0.128735632
Brooklyn Nets,702756,Darius Morris, G,2014-2015,0.126436782
Philadelphia 76ers,635827,Malcolm Thomas, PF,2014-2015,0.12183908
New Orleans Pelicans,633974,Gal Mekel, PG,2014-2015,0.11954023
Milwaukee Bucks,600000,Johnny O'Bryant III, PF,2014-2015,0.117241379
Brooklyn Nets,507336,Cory Jefferson, F,2014-2015,0.114942529
Orlando Magic,507336,Keith Appling, PG,2014-2015,0.112643678
Utah Jazz,507336,Eric Griffin, C,2014-2015,0.110344828
Utah Jazz,507336,Joe Ingles, SF,2014-2015,0.108045977
Memphis Grizzlies,507336,Russ Smith, PG,2014-2015,0.105747126
Sacramento Kings,507336,Eric Moreland, C,2014-2015,0.103448276
Sacramento Kings,507336,Sim Bhullar, C,2014-2015,0.101149425
Philadelphia 76ers,507336,JaKarr Sampson, F,2014-2015,0.098850575
New York Knicks,507336,Travis Wear, F,2014-2015,0.096551724
New Orleans Pelicans,507336,Patric Young, PF,2014-2015,0.094252874
Cleveland Cavaliers,495399,Will Cherry, F,2014-2015,0.091954023
Memphis Grizzlies,486446,Kalin Lucas, G,2014-2015,0.089655172
LA Clippers,387632,Dahntay Jones, SG,2014-2015,0.07816092
Utah Jazz,379010,Patrick Christopher, SG,2014-2015,0.075862069
New York Knicks,306876,Amar'e Stoudemire, C,2014-2015,0.068965517
Detroit Pistons,269189,John Lucas III, PG,2014-2015,0.062068966
Utah Jazz,241731,Elijah Millsap, SG,2014-2015,0.059770115
Dallas Mavericks,236886,Bernard James, C,2014-2015,0.057471264
New York Knicks,235762,Langston Galloway, SG,2014-2015,0.055172414
Phoenix Suns,183049,Earl Barron, C,2014-2015,0.043678161
LA Clippers,150591,Jordan Hamilton, SG,2014-2015,0.03908046
Brooklyn Nets,96056,Jorge Gutierrez, PG,2014-2015,0.027586207
Washington Wizards,96056,Toure' Murry, SF,2014-2015,0.025287356
Utah Jazz,92514,Bryce Cotton, G,2014-2015,0.022988506
Los Angeles Lakers,59686,Jabari Brown, SG,2014-2015,0.020689655
Utah Jazz,59686,Jack Cooley, F,2014-2015,0.018390805
Memphis Grizzlies,53838,Tyrus Thomas, PF,2014-2015,0.013793103
San Antonio Spurs,53838,Austin Daye, SF,2014-2015,0.009195402
New York Knicks,48028,Ricky Ledo, SG,2014-2015,0.004597701
Miami Heat,29843,Andre Dawkins, SG,2014-2015,0.002298851
Atlanta Hawks,5746479,Kyle Korver, SG,2015-2016,0.775981524
Oklahoma City Thunder,5138430,Dion Waiters, SG,2015-2016,0.690531178
Philadelphia 76ers,4626960,Joel Embiid, C,2015-2016,0.662817552
Orlando Magic,4171680,Aaron Gordon, PF,2015-2016,0.632794457
Dallas Mavericks,3950313,Raymond Felton, PG,2015-2016,0.609699769
Oklahoma City Thunder,3750000,Nick Collison, F,2015-2016,0.595842956
New York Knicks,3750000,Kyle O'Quinn, C,2015-2016,0.593533487
Brooklyn Nets,3425510,Bojan Bogdanovic, SF,2015-2016,0.572748268
Detroit Pistons,3272091,Andre Drummond, C,2015-2016,0.556581986
LA Clippers,3110796,Austin Rivers, PG,2015-2016,0.545034642
Milwaukee Bucks,2943221,John Henson, F,2015-2016,0.526558891
New Orleans Pelicans,2850000,Dante Cunningham, SF,2015-2016,0.505773672
Boston Celtics,2616975,Tyler Zeller, C,2015-2016,0.480369515
Houston Rockets,2489530,Terrence Jones, PF,2015-2016,0.464203233
Chicago Bulls,2380440,Doug McDermott, SF,2015-2016,0.452655889
Chicago Bulls,2250000,Aaron Brooks, G,2015-2016,0.441108545
Charlotte Hornets,2139000,Jeremy Lin, PG,2015-2016,0.418013857
New Orleans Pelicans,2038206,Perry Jones, SF,2015-2016,0.399538106
Minnesota Timberwolves,1938840,Adreian Payne, PF,2015-2016,0.385681293
Denver Nuggets,1842000,Jusuf Nurkic, C,2015-2016,0.378752887
Boston Celtics,1749840,James Young, G,2015-2016,0.37182448
Milwaukee Bucks,1662360,Tyler Ennis, G,2015-2016,0.360277136
Denver Nuggets,1584480,Gary Harris, SG,2015-2016,0.348729792
Toronto Raptors,1524000,Bruno Caboclo, F,2015-2016,0.341801386
Sacramento Kings,1449187,Caron Butler, SF,2015-2016,0.325635104
Memphis Grizzlies,1404600,Jordan Adams, SG,2015-2016,0.318706697
Utah Jazz,1348440,Rodney Hood, SG,2015-2016,0.309468822
Atlanta Hawks,1304520,Tim Hardaway Jr., G,2015-2016,0.302540416
Orlando Magic,1294440,Shabazz Napier, PG,2015-2016,0.297921478
Minnesota Timberwolves,1282080,Tyus Jones, PG,2015-2016,0.295612009
Houston Rockets,1242720,Clint Capela, C,2015-2016,0.284064665
Charlotte Hornets,1201440,P.J. Hairston, SF,2015-2016,0.277136259
Utah Jazz,1175880,Rudy Gobert, C,2015-2016,0.267898383
LA Clippers,1159680,CJ Wilcox, G,2015-2016,0.258660508
Minnesota Timberwolves,1149500,Damjan Rudez, SF,2015-2016,0.251732102
Boston Celtics,1148640,R.J. Hunter, G,2015-2016,0.249422633
San Antonio Spurs,1142880,Kyle Anderson, SF,2015-2016,0.244803695
Oklahoma City Thunder,1140240,Josh Huestis, F,2015-2016,0.242494226
Brooklyn Nets,1140240,Chris McCullough, F,2015-2016,0.240184758
Dallas Mavericks,1100602,Jeremy Evans, F,2015-2016,0.226327945
Indiana Pacers,1100000,Glenn Robinson III, SG,2015-2016,0.224018476
Chicago Bulls,1015421,E'Twaun Moore, G,2015-2016,0.212471132
Indiana Pacers,1007026,Rakeem Christmas, PF,2015-2016,0.210161663
Philadelphia 76ers,1000000,Robert Covington, SF,2015-2016,0.203233256
Houston Rockets,1000000,Montrezl Harrell, PF,2015-2016,0.200923788
Atlanta Hawks,947276,Jason Richardson, SG,2015-2016,0.152424942
Memphis Grizzlies,700902,Bryce Cotton, G,2015-2016,0.113163972
Los Angeles Lakers,700000,Anthony Brown, F,2015-2016,0.110854503
Toronto Raptors,650000,Norman Powell, SF,2015-2016,0.108545035
Portland Trail Blazers,625093,Pat Connaughton, SG,2015-2016,0.106235566
Detroit Pistons,600000,Darrun Hilliard, G,2015-2016,0.103926097
Washington Wizards,561716,Jarell Eddie, F,2015-2016,0.101616628
Phoenix Suns,525093,Deonte Burton, PG,2015-2016,0.099307159
Phoenix Suns,525093,Kyle Casey, SF,2015-2016,0.096997691
Philadelphia 76ers,525093,T.J. McConnell, PG,2015-2016,0.094688222
Philadelphia 76ers,525093,Scottie Wilbekin, PG,2015-2016,0.092378753
Utah Jazz,525093,J.J. O'Brien, SF,2015-2016,0.090069284
Brooklyn Nets,525093,Treveon Graham, SG,2015-2016,0.087759815
Orlando Magic,525093,Melvin Ejim, SF,2015-2016,0.085450346
Toronto Raptors,525093,Ronald Roberts Jr., PF,2015-2016,0.080831409
Memphis Grizzlies,525093,Jarrid Famous, PF,2015-2016,0.07852194
Los Angeles Lakers,525093,Jamil Wilson, SF,2015-2016,0.076212471
Sacramento Kings,525093,Duje Dukan, PF,2015-2016,0.073903002
Boston Celtics,525093,Jonathan Holmes, PF,2015-2016,0.071593533
San Antonio Spurs,200600,Kevin Martin, SG,2015-2016,0.036951501
Charlotte Hornets,189455,Jorge Gutierrez, PG,2015-2016,0.032332564
Philadelphia 76ers,167406,Tony Wroten, SG,2015-2016,0.027713626
LA Clippers,111444,Jeff Ayres, F,2015-2016,0.020785219
Phoenix Suns,111196,Jordan McRae, SG,2015-2016,0.018475751
Utah Jazz,99418,Erick Green, PG,2015-2016,0.016166282
Memphis Grizzlies,55722,Elliot Williams, SG,2015-2016,0.006928406
Phoenix Suns,49709,Cory Jefferson, F,2015-2016,0.002309469
Sacramento Kings,12500000,Arron Afflalo, G,2016-2017,0.857142857
Oklahoma City Thunder,8400000,Ersan Ilyasova, PF,2016-2017,0.803030303
New York Knicks,6191000,Lance Thomas, SF,2016-2017,0.686147186
Detroit Pistons,6000000,Ish Smith, PG,2016-2017,0.668831169
Minnesota Timberwolves,5960160,Karl-Anthony Towns, C,2016-2017,0.664502165
Toronto Raptors,5300000,PJ Tucker, SF,2016-2017,0.632034632
Philadelphia 76ers,4788840,Jahlil Okafor, C,2016-2017,0.603896104
New York Knicks,4317720,Kristaps Porzingis, PF,2016-2017,0.584415584
Orlando Magic,3909840,Mario Hezonja, SF,2016-2017,0.556277056
LA Clippers,3527920,Paul Pierce, SF,2016-2017,0.528138528
Portland Trail Blazers,3219579,CJ McCollum, SG,2016-2017,0.504329004
Detroit Pistons,2969880,Stanley Johnson, SF,2016-2017,0.480519481
Miami Heat,2898000,Dion Waiters, SG,2016-2017,0.476190476
San Antonio Spurs,2898000,Dewayne Dedmon, C,2016-2017,0.46969697
Atlanta Hawks,2708582,Dennis Schroder, PG,2016-2017,0.461038961
Miami Heat,2593440,Justise Winslow, SF,2016-2017,0.452380952
Brooklyn Nets,2500000,Randy Foye, SG,2016-2017,0.448051948
Indiana Pacers,2463840,Myles Turner, C,2016-2017,0.441558442
Portland Trail Blazers,2328530,Mason Plumlee, PF,2016-2017,0.428571429
Philadelphia 76ers,2318280,Dario Saric, PF,2016-2017,0.426406926
LA Clippers,2203000,Luc Mbah a Moute, PF,2016-2017,0.413419913
Oklahoma City Thunder,2112480,Cameron Payne, PG,2016-2017,0.398268398
Washington Wizards,2006640,Kelly Oubre Jr., SF,2016-2017,0.387445887
Indiana Pacers,1800000,Kevin Seraphin, C,2016-2017,0.372294372
Oklahoma City Thunder,1709719,Joffrey Lauvergne, F,2016-2017,0.361471861
Chicago Bulls,1643040,Jerian Grant, PG,2016-2017,0.354978355
Toronto Raptors,1577280,Delon Wright, PG,2016-2017,0.348484848
Philadelphia 76ers,1514160,Justin Anderson, SG,2016-2017,0.337662338
Los Angeles Lakers,1500000,Marcelo Huertas, PG,2016-2017,0.335497835
Chicago Bulls,1453680,Bobby Portis, PF,2016-2017,0.329004329
Boston Celtics,1450000,Demetrius Jackson, PG,2016-2017,0.326839827
Brooklyn Nets,1395600,Rondae Hollis-Jefferson, SF,2016-2017,0.313852814
Portland Trail Blazers,1350120,Shabazz Napier, PG,2016-2017,0.307359307
New York Knicks,1350000,Willy Hernangomez, C,2016-2017,0.305194805
Philadelphia 76ers,1333240,Sasha Kaun, C,2016-2017,0.298701299
Memphis Grizzlies,1286160,Jarell Martin, PF,2016-2017,0.292207792
Los Angeles Lakers,1207680,Larry Nance Jr., PF,2016-2017,0.279220779
Washington Wizards,1191480,Chris McCullough, F,2016-2017,0.270562771
San Antonio Spurs,1188840,Livio Jean-Charles, SF,2016-2017,0.268398268
Golden State Warriors,1182840,Kevon Looney, SF,2016-2017,0.264069264
San Antonio Spurs,1180080,Dejounte Murray, PG,2016-2017,0.261904762
Golden State Warriors,1171560,Damian Jones, C,2016-2017,0.25974026
Houston Rockets,1045000,Montrezl Harrell, PF,2016-2017,0.242424242
Brooklyn Nets,1015696,Anthony Bennett, PF,2016-2017,0.227272727
Atlanta Hawks,980431,Will Bynum, PG,2016-2017,0.196969697
Orlando Magic,950000,Stephen Zimmerman, C,2016-2017,0.194805195
Utah Jazz,937800,Raul Neto, PG,2016-2017,0.19047619
Milwaukee Bucks,925000,Malcolm Brogdon, PG,2016-2017,0.188311688
New Orleans Pelicans,895197,Reggie Williams, SF,2016-2017,0.183982684
Milwaukee Bucks,874636,Xavier Munford, G,2016-2017,0.181818182
Toronto Raptors,874636,Norman Powell, SF,2016-2017,0.173160173
Sacramento Kings,874636,Duje Dukan, PF,2016-2017,0.16017316
Chicago Bulls,864346,R.J. Hunter, G,2016-2017,0.155844156
Houston Rockets,680534,Bobby Brown, PG,2016-2017,0.149350649
Dallas Mavericks,650000,AJ Hammons, C,2016-2017,0.147186147
Indiana Pacers,650000,Georges Niang, SF,2016-2017,0.145021645
Detroit Pistons,650000,Michael Gbinije, SG,2016-2017,0.142857143
Portland Trail Blazers,600000,Jake Layman, SF,2016-2017,0.140692641
New Orleans Pelicans,576724,Donatas Motiejunas, PF,2016-2017,0.136363636
Toronto Raptors,543471,E.J. Singler, SF,2016-2017,0.134199134
Toronto Raptors,543471,Drew Crawford, SG,2016-2017,0.132034632
Cleveland Cavaliers,543471,Kay Felder, G,2016-2017,0.12987013
Toronto Raptors,543471,Fred VanVleet, PG,2016-2017,0.127705628
Toronto Raptors,543471,Yanick Moreira, C,2016-2017,0.125541126
Houston Rockets,543471,Kyle Wiltjer, F,2016-2017,0.123376623
Toronto Raptors,543471,Kyle Collinsworth, G,2016-2017,0.121212121
Toronto Raptors,543471,Brady Heslip, SG,2016-2017,0.119047619
Memphis Grizzlies,543471,Vince Hunter, SF,2016-2017,0.116883117
Charlotte Hornets,543471,Andrew Andrews, G,2016-2017,0.114718615
Charlotte Hornets,543471,Marcus Paige, G,2016-2017,0.112554113
Charlotte Hornets,543471,Rasheed Sulaimon, G,2016-2017,0.11038961
Utah Jazz,543471,Isaiah Cousins, G,2016-2017,0.108225108
New Orleans Pelicans,543471,Quincy Ford, SG,2016-2017,0.106060606
Indiana Pacers,543471,Nick Zeisloft, SG,2016-2017,0.103896104
Boston Celtics,543471,Jonathan Holmes, PF,2016-2017,0.0995671
Washington Wizards,543471,Sheldon Mac, SG,2016-2017,0.097402597
Dallas Mavericks,259526,Deron Williams, PG,2016-2017,0.084415584
Sacramento Kings,242224,Matt Barnes, SF,2016-2017,0.071428571
Miami Heat,210995,Okaro White, F,2016-2017,0.069264069
Charlotte Hornets,161483,Johnny O'Bryant III, PF,2016-2017,0.060606061
Sacramento Kings,138414,Omri Casspi, SF,2016-2017,0.056277056
Dallas Mavericks,115344,Manny Harris, PG,2016-2017,0.045454545
Philadelphia 76ers,89513,Shawn Long, F,2016-2017,0.043290043
Memphis Grizzlies,83119,Wayne Selden, SG,2016-2017,0.041125541
Brooklyn Nets,75000,Archie Goodwin, SG,2016-2017,0.036796537
Los Angeles Lakers,73528,David Nwaba, SG,2016-2017,0.034632035
New Orleans Pelicans,57672,Jarrett Jack, G,2016-2017,0.021645022
Dallas Mavericks,47953,Jarrod Uthoff, SF,2016-2017,0.019480519
Philadelphia 76ers,35166,Alex Poythress, SF,2016-2017,0.017316017
Milwaukee Bucks,35116,Gary Payton II, G,2016-2017,0.015151515
Dallas Mavericks,31969,Pierre Jackson, PG,2016-2017,0.012987013
Orlando Magic,31969,Patricio Garino, SG,2016-2017,0.010822511
Phoenix Suns,23069,Elijah Millsap, SG,2016-2017,0.006493506
Dallas Mavericks,15984,Quinn Cook, PG,2016-2017,0.004329004
Denver Nuggets,12016854,Wilson Chandler, SF,2017-2018,0.740820734
Toronto Raptors,9367200,Norman Powell, SF,2017-2018,0.73650108
Memphis Grizzlies,8533333,JaMychal Green, PF,2017-2018,0.719222462
Sacramento Kings,8393000,Kosta Koufos, C,2017-2018,0.710583153
Portland Trail Blazers,6352531,Ed Davis, PF,2017-2018,0.639308855
Orlando Magic,6000000,Shelvin Mack, PG,2017-2018,0.626349892
New York Knicks,5697054,Kristaps Porzingis, PF,2017-2018,0.613390929
Golden State Warriors,5192000,Nick Young, G,2017-2018,0.591792657
Utah Jazz,4992385,Dante Exum, PG,2017-2018,0.580993521
Oklahoma City Thunder,4666500,Kyle Singler, F,2017-2018,0.570194384
Sacramento Kings,4609200,De'Aaron Fox, PG,2017-2018,0.568034557
New York Knicks,4544000,Ron Baker, SG,2017-2018,0.56587473
Phoenix Suns,4187599,Alex Len, C,2017-2018,0.544276458
Miami Heat,3448926,Justise Winslow, SF,2017-2018,0.501079914
Houston Rockets,3290000,Tarik Black, C,2017-2018,0.479481641
Chicago Bulls,3263294,Cameron Payne, PG,2017-2018,0.475161987
Phoenix Suns,3073800,Marquese Chriss, PF,2017-2018,0.464362851
Philadelphia 76ers,3000000,Tibor Pleiss, C,2017-2018,0.451403888
Milwaukee Bucks,2799720,Thon Maker, PF,2017-2018,0.442764579
Chicago Bulls,2639314,Jerian Grant, PG,2017-2018,0.436285097
Toronto Raptors,2536898,Delon Wright, PG,2017-2018,0.429805616
Denver Nuggets,2441400,Trey Lyles, PF,2017-2018,0.406047516
Indiana Pacers,2407560,T.J. Leaf, PF,2017-2018,0.403887689
Phoenix Suns,2319360,Devin Booker, SG,2017-2018,0.39524838
Los Angeles Lakers,2272391,Larry Nance Jr., PF,2017-2018,0.388768898
Minnesota Timberwolves,2247480,Justin Patton, C,2017-2018,0.386609071
San Antonio Spurs,2151704,Kyle Anderson, SF,2017-2018,0.377969762
Milwaukee Bucks,2048257,Kendall Marshall, PG,2017-2018,0.369330454
Toronto Raptors,2034120,OG Anunoby, SF,2017-2018,0.367170626
Indiana Pacers,1974159,Kevin Seraphin, C,2017-2018,0.360691145
Orlando Magic,1889040,Rashad Vaughn, G,2017-2018,0.354211663
LA Clippers,1794600,Sam Dekker, SF,2017-2018,0.345572354
Oklahoma City Thunder,1785000,Terrance Ferguson, SG,2017-2018,0.343412527
Brooklyn Nets,1656092,Spencer Dinwiddie, PG,2017-2018,0.334773218
Detroit Pistons,1600520,Dwight Buycks, G,2017-2018,0.326133909
Portland Trail Blazers,1577230,Archie Goodwin, SG,2017-2018,0.319654428
Atlanta Hawks,1471382,Jeremy Evans, F,2017-2018,0.269978402
Denver Nuggets,1454756,Richard Jefferson, F,2017-2018,0.26349892
Los Angeles Lakers,1423560,Kyle Kuzma, PF,2017-2018,0.261339093
Utah Jazz,1414920,Tony Bradley, C,2017-2018,0.259179266
San Antonio Spurs,1404600,Derrick White, PG,2017-2018,0.257019438
New Orleans Pelicans,1379940,Josh Smith, PF,2017-2018,0.250539957
Orlando Magic,1378242,Khem Birch, C,2017-2018,0.24838013
Orlando Magic,1378242,Wesley Iwundu, SF,2017-2018,0.246220302
Milwaukee Bucks,1378242,Sterling Brown, SG,2017-2018,0.244060475
Charlotte Hornets,1378242,Dwayne Bacon, SG,2017-2018,0.241900648
New York Knicks,1378242,Damyean Dotson, SG,2017-2018,0.239740821
Indiana Pacers,1378242,Alex Poythress, SF,2017-2018,0.235421166
Toronto Raptors,1312611,Kyle Wiltjer, F,2017-2018,0.218142549
Washington Wizards,1312611,Carrick Felix, SG,2017-2018,0.211663067
Milwaukee Bucks,1300000,Khris Middleton, SF,2017-2018,0.200863931
San Antonio Spurs,1188840,Livio Jean-Charles, SF,2017-2018,0.196544276
Sacramento Kings,1184385,Frank Mason III, PG,2017-2018,0.194384449
LA Clippers,980431,Devyn Marble, SF,2017-2018,0.172786177
Atlanta Hawks,980431,Will Bynum, PG,2017-2018,0.153347732
Memphis Grizzlies,950000,Ivan Rabb, PF,2017-2018,0.151187905
Milwaukee Bucks,874636,Christian Wood, PF,2017-2018,0.140388769
Washington Wizards,874636,Jordan McRae, SG,2017-2018,0.133909287
Houston Rockets,872854,Gerald Green, SG,2017-2018,0.127429806
Memphis Grizzlies,815615,Xavier Rathan-Mayes, SG,2017-2018,0.125269978
Memphis Grizzlies,815615,Dillon Brooks, SG,2017-2018,0.123110151
Oklahoma City Thunder,815615,Dakari Johnson, C,2017-2018,0.120950324
Milwaukee Bucks,815615,JeQuan Lewis, PG,2017-2018,0.118790497
Minnesota Timberwolves,815615,Melo Trimble, PG,2017-2018,0.11663067
Oklahoma City Thunder,815615,Rashawn Thomas, PF,2017-2018,0.114470842
Oklahoma City Thunder,815615,Bryce Alford, G,2017-2018,0.112311015
Charlotte Hornets,815615,Luke Petrasek, SF,2017-2018,0.110151188
Charlotte Hornets,815615,T.J. Williams, PG,2017-2018,0.107991361
Charlotte Hornets,815615,Terry Henderson, SG,2017-2018,0.105831533
Utah Jazz,815615,Erik McCree, F,2017-2018,0.103671706
Utah Jazz,815615,Royce O'Neale, SF,2017-2018,0.101511879
Boston Celtics,815615,Daniel Theis, PF,2017-2018,0.099352052
Boston Celtics,815615,L.J. Peak, SG,2017-2018,0.097192225
Atlanta Hawks,815615,Jordan Mathews, SG,2017-2018,0.095032397
Milwaukee Bucks,588120,DeAndre Liggins, G,2017-2018,0.088552916
Golden State Warriors,543471,Elgin Cook, SF,2017-2018,0.086393089
Golden State Warriors,543471,Scott Wood, SG,2017-2018,0.084233261
Charlotte Hornets,543471,Rasheed Sulaimon, G,2017-2018,0.073434125
Utah Jazz,543471,Isaiah Cousins, G,2017-2018,0.069114471
New York Knicks,543471,J.P. Tokoto, SG,2017-2018,0.066954644
Detroit Pistons,543471,Nikola Jovanovic, PF,2017-2018,0.064794816
Memphis Grizzlies,379159,Toney Douglas, PG,2017-2018,0.05399568
Sacramento Kings,185397,Georgios Papagiannis, C,2017-2018,0.041036717
Dallas Mavericks,115344,Manny Harris, PG,2017-2018,0.032397408
Houston Rockets,96406,Tim Quarterman, G,2017-2018,0.030237581
Denver Nuggets,57672,Alonzo Gee, SF,2017-2018,0.01511879
Dallas Mavericks,31969,Pierre Jackson, PG,2017-2018,0.006479482
Los Angeles Lakers,13824,Andre Ingram, G,2017-2018,0.004319654
Orlando Magic,4608,Amile Jefferson, PF,2017-2018,0.002159827
Houston Rockets,4608,Aaron Jackson, F,2017-2018,0